t,q,dq,tau
0.0,-1.15187,-0.02198,-0.00244
0.0101,-1.15187,-0.00733,-0.00244
0.0202,-1.15187,0.00733,-0.00733
0.0303,-1.15187,0.00733,-0.01221
0.0404,-1.15187,-0.02198,-0.01221
0.0504,-1.15187,-0.02198,-0.01221
0.0606,-1.15187,0.00733,-0.01221
0.0707,-1.15187,-0.00733,-0.01221
0.0807,-1.15187,-0.00733,-0.01221
0.0908,-1.15187,-0.02198,-0.01221
0.1011,-1.15187,0.00733,-0.01221
0.1112,-1.15187,-0.00733,-0.01221
0.1213,-1.15187,-0.02198,-0.01221
0.1314,-1.15187,-0.00733,-0.01221
0.1415,-1.15187,-0.00733,-0.01221
0.1516,-1.15187,-0.00733,-0.01221
0.1617,-1.15187,-0.02198,-0.01221
0.1718,-1.15187,0.00733,-0.01221
0.182,-1.15187,0.00733,-0.01221
0.192,-1.15187,-0.02198,-0.01221
0.2021,-1.15187,0.00733,-0.01221
0.2122,-1.15187,-0.00733,-0.01221
0.2223,-1.15187,-0.00733,-0.01221
0.2324,-1.15187,-0.00733,-0.01221
0.2425,-1.15187,-0.02198,-0.01221
0.2525,-1.15187,-0.00733,-0.01221
0.2626,-1.15187,-0.00733,-0.01221
0.2727,-1.15187,-0.00733,-0.01221
0.2828,-1.15187,-0.00733,-0.01221
0.2929,-1.15187,-0.00733,-0.01221
0.303,-1.15187,-0.02198,-0.01221
0.3193,-1.15187,-0.00733,-0.01221
0.3294,-1.15187,-0.00733,-0.01221
0.3395,-1.15187,-0.00733,-0.00733
0.3496,-1.15187,-0.02198,-0.01221
0.3597,-1.15187,-0.02198,-0.01221
0.3697,-1.15187,-0.00733,-0.01221
0.3798,-1.15187,0.02198,-0.01221
0.3899,-1.15187,-0.00733,-0.01221
0.4,-1.15187,0.00733,-0.01221
0.4101,-1.15187,-0.00733,-0.01221
0.4202,-1.15187,0.00733,-0.01221
0.4303,-1.15187,-0.00733,-0.01221
0.4404,-1.15187,0.00733,-0.01221
0.4505,-1.15187,-0.00733,-0.01221
0.4606,-1.15187,0.00733,-0.01221
0.4707,-1.15187,-0.00733,-0.01221
0.4809,-1.15187,0.00733,-0.01221
0.4912,-1.15187,-0.02198,-0.01221
0.5014,-1.15187,-0.00733,-0.01221
0.5116,-1.15187,-0.00733,-0.01221
0.5216,-1.15187,-0.00733,-0.01221
0.5317,-1.15187,-0.00733,-0.01221
0.5418,-1.15187,-0.00733,-0.01221
0.5519,-1.15187,0.02198,-0.01221
0.562,-1.15187,-0.02198,-0.01709
0.5721,-1.15187,-0.00733,-0.01221
0.5822,-1.15187,-0.00733,-0.01221
0.5923,-1.15187,-0.00733,-0.00733
0.6024,-1.15187,-0.00733,-0.01221
0.6125,-1.15187,-0.00733,-0.01221
0.6226,-1.15187,-0.00733,-0.00733
0.6329,-1.15187,-0.00733,-0.01221
0.643,-1.15187,0.00733,-0.01221
0.6531,-1.15187,-0.00733,-0.01221
0.6632,-1.15187,-0.00733,-0.01221
0.6733,-1.15187,-0.00733,-0.01221
0.6833,-1.15187,-0.02198,-0.01221
0.6936,-1.15187,-0.02198,-0.01221
0.706,-1.15187,-0.00733,-0.01221
0.7162,-1.15187,0.00733,-0.01221
0.7263,-1.15187,-0.00733,-0.01221
0.7366,-1.15187,0.00733,-0.01221
0.7467,-1.15187,-0.00733,-0.01221
0.7568,-1.15187,-0.00733,-0.01221
0.7669,-1.15187,0.00733,-0.01221
0.7771,-1.15187,0.00733,-0.01221
0.7872,-1.15187,-0.00733,-0.01221
0.7973,-1.15187,0.00733,-0.01221
0.8074,-1.15187,-0.00733,-0.01221
0.8175,-1.15187,-0.00733,-0.01221
0.8276,-1.15187,0.00733,-0.01221
0.8377,-1.15187,-0.02198,-0.01221
0.8478,-1.15187,-0.00733,-0.01221
0.8578,-1.15187,-0.00733,-0.01221
0.8679,-1.15187,0.00733,-0.01221
0.878,-1.15187,-0.02198,-0.01221
0.8881,-1.15187,-0.02198,-0.01221
0.8982,-1.15187,-0.00733,-0.01221
0.9083,-1.15187,0.00733,-0.01221
0.9184,-1.15187,-0.02198,-0.01221
0.9284,-1.15187,-0.00733,-0.00733
0.9385,-1.15187,-0.00733,-0.01221
0.9486,-1.15187,-0.00733,-0.01221
0.9587,-1.15187,-0.00733,-0.01221
0.9688,-1.15187,-0.00733,-0.01221
0.9789,-1.15187,-0.00733,-0.01221
0.989,-1.15187,-0.00733,-0.01221
0.999,-1.15187,-0.00733,-0.01221
1.0091,-1.15187,-0.03663,-0.01221
1.0192,-1.15187,-0.02198,-0.01221
1.0293,-1.15187,-0.02198,-0.01221
1.0394,-1.15187,-0.00733,-0.01221
1.0495,-1.15187,-0.00733,-0.01221
1.0596,-1.15187,-0.02198,-0.01221
1.0697,-1.15187,0.00733,-0.01221
1.0798,-1.15187,0.00733,-0.01221
1.0899,-1.15187,-0.00733,-0.01221
1.1,-1.15187,-0.02198,-0.01221
1.1101,-1.15187,-0.00733,-0.01221
1.1201,-1.15187,-0.00733,-0.01221
1.1302,-1.15187,-0.00733,-0.01221
1.1403,-1.15187,-0.00733,-0.01221
1.1517,-1.15187,-0.00733,-0.01709
1.1618,-1.15187,0.00733,-0.01221
1.1721,-1.15187,-0.00733,-0.01221
1.1822,-1.15187,0.00733,-0.01221
1.1924,-1.15187,0.00733,-0.01221
1.2024,-1.15187,0.00733,-0.01221
1.2126,-1.15187,-0.00733,-0.01221
1.2227,-1.15187,-0.00733,-0.01221
1.2328,-1.15187,-0.00733,-0.01221
1.2429,-1.15187,-0.00733,-0.01221
1.253,-1.15187,-0.02198,-0.01221
1.2631,-1.15187,-0.02198,-0.01221
1.2732,-1.15187,-0.00733,-0.01221
1.2833,-1.15187,-0.00733,-0.01221
1.2934,-1.15187,-0.00733,-0.01221
1.3035,-1.15187,0.00733,-0.01221
1.3136,-1.15187,-0.00733,-0.01221
1.3237,-1.15187,-0.00733,-0.01221
1.3338,-1.15187,-0.00733,-0.01221
1.3439,-1.15187,-0.00733,-0.01221
1.354,-1.15187,-0.00733,-0.00733
1.3641,-1.15187,-0.00733,-0.01221
1.3742,-1.15187,-0.00733,-0.01221
1.3843,-1.15187,-0.00733,-0.01221
1.3944,-1.15187,-0.00733,-0.01221
1.4045,-1.15187,0.00733,-0.01221
1.4157,-1.15187,-0.00733,-0.00733
1.4258,-1.15187,-0.00733,-0.00733
1.4359,-1.15187,-0.00733,-0.01221
1.446,-1.15187,-0.00733,-0.01221
1.4561,-1.15187,-0.00733,-0.01221
1.4662,-1.15187,-0.00733,-0.01221
1.4802,-1.15187,-0.02198,-0.01221
1.4903,-1.15187,-0.00733,-0.01221
1.5004,-1.15187,0.02198,-0.01221
1.5105,-1.15187,-0.02198,-0.01221
1.5206,-1.15187,-0.00733,-0.01221
1.5307,-1.15187,-0.02198,-0.01221
1.5463,-1.15187,-0.02198,-0.01221
1.5564,-1.15187,-0.02198,-0.01221
1.5665,-1.15187,-0.03663,-0.01221
1.5766,-1.15187,-0.00733,-0.01221
1.5867,-1.15187,-0.00733,-0.01221
1.5968,-1.15187,-0.00733,-0.00733
1.6069,-1.15187,-0.00733,-0.01221
1.617,-1.15187,-0.00733,-0.01221
1.6271,-1.15187,-0.00733,-0.01221
1.6372,-1.15187,-0.02198,-0.01221
1.6473,-1.15187,-0.00733,-0.01221
1.6574,-1.15187,0.00733,-0.01221
1.6674,-1.15187,-0.00733,-0.01221
1.6775,-1.15187,-0.00733,-0.00733
1.6876,-1.15187,-0.00733,-0.01221
1.6977,-1.15187,-0.00733,-0.01221
1.7078,-1.15187,-0.02198,-0.01221
1.7227,-1.15187,-0.00733,-0.01221
1.7342,-1.15187,0.00733,-0.01221
1.7443,-1.15187,0.00733,-0.01221
1.7548,-1.15187,-0.03663,-0.01221
1.7648,-1.15187,-0.00733,-0.01221
1.775,-1.15187,-0.03663,-0.01221
1.7851,-1.15187,0.00733,-0.01221
1.7952,-1.15187,-0.00733,-0.01221
1.8053,-1.15187,-0.00733,-0.01221
1.8154,-1.15187,0.00733,-0.01221
1.8255,-1.15187,-0.00733,-0.01221
1.8356,-1.15187,-0.00733,-0.01221
1.8457,-1.15187,-0.00733,-0.00733
1.8586,-1.15187,-0.02198,-0.01221
1.8687,-1.15187,-0.00733,-0.00733
1.8788,-1.15187,-0.00733,-0.01221
1.8889,-1.15187,-0.00733,-0.01221
1.899,-1.15187,0.00733,-0.01221
1.9091,-1.15187,-0.00733,-0.01221
1.9192,-1.15187,0.00733,-0.01221
1.9293,-1.15187,0.00733,-0.01221
1.9394,-1.15187,-0.02198,-0.01221
1.9498,-1.15187,-0.02198,-0.01221
1.9599,-1.15187,-0.03663,-0.01221
1.97,-1.15187,-0.00733,-0.00733
1.9805,-1.15187,-0.00733,-0.01221
1.9906,-1.15187,-0.00733,-0.01221
2.0007,-1.15187,0.00733,-0.01221
2.0108,-1.15187,-0.00733,-0.01221
2.0209,-1.15187,-0.00733,-0.01221
2.031,-1.15187,0.02198,-0.01221
2.0411,-1.15187,-0.00733,-0.01221
2.0512,-1.15187,-0.00733,-0.01221
2.0613,-1.15187,0.00733,-0.01221
2.0714,-1.15187,0.00733,-0.01221
2.0815,-1.15187,0.00733,-0.01221
2.0915,-1.15187,-0.00733,-0.01221
2.1017,-1.15187,-0.00733,-0.01221
2.1122,-1.15187,-0.00733,-0.01221
2.1224,-1.15187,-0.00733,-0.01221
2.1334,-1.15187,0.02198,-0.01221
2.1436,-1.15187,-0.02198,-0.01221
2.1537,-1.15187,-0.00733,-0.01221
2.1638,-1.15187,0.00733,-0.01221
2.1739,-1.15187,-0.02198,-0.01221
2.184,-1.15187,-0.02198,-0.01221
2.1941,-1.15187,-0.00733,-0.01221
2.2042,-1.15187,-0.02198,-0.00733
2.2143,-1.15187,0.00733,-0.01221
2.2244,-1.15187,-0.00733,-0.01221
2.2346,-1.15187,-0.02198,-0.01221
2.246,-1.15187,0.00733,-0.01221
2.2561,-1.15187,-0.02198,-0.01221
2.2662,-1.15187,0.00733,-0.01221
2.2763,-1.15187,-0.02198,-0.01221
2.2864,-1.15187,-0.00733,-0.01221
2.2967,-1.15187,-0.00733,-0.01221
2.3068,-1.15187,-0.00733,-0.01221
2.3169,-1.15187,0.00733,-0.01221
2.3278,-1.15187,-0.02198,-0.01221
2.3379,-1.15187,-0.00733,-0.01221
2.3488,-1.15187,-0.02198,-0.01221
2.359,-1.15187,0.00733,-0.01221
2.3691,-1.15187,0.00733,-0.01221
2.3792,-1.15187,-0.00733,-0.01221
2.3893,-1.15187,-0.00733,-0.01221
2.3994,-1.15187,-0.02198,-0.01221
2.4095,-1.15187,0.00733,-0.01221
2.4196,-1.15187,-0.02198,-0.01221
2.4297,-1.15187,-0.00733,-0.01221
2.4398,-1.15187,-0.00733,-0.01221
2.4499,-1.15187,-0.00733,-0.01221
2.46,-1.15187,0.00733,-0.01221
2.4701,-1.15187,-0.00733,-0.01221
2.4803,-1.15187,-0.02198,-0.01221
2.4908,-1.15187,-0.00733,-0.01221
2.5009,-1.15187,-0.00733,-0.01221
2.511,-1.15187,0.00733,-0.01221
2.5211,-1.15187,-0.00733,-0.01221
2.5312,-1.15187,-0.00733,-0.01221
2.5412,-1.15187,-0.00733,-0.01221
2.5513,-1.15187,-0.00733,-0.01221
2.5614,-1.15187,-0.02198,-0.01221
2.5715,-1.15187,-0.00733,-0.01221
2.5816,-1.15187,-0.00733,-0.01221
2.5916,-1.15187,0.00733,-0.01221
2.6017,-1.15187,-0.02198,-0.01221
2.6118,-1.15187,-0.00733,-0.01221
2.6219,-1.15187,-0.00733,-0.01221
2.6321,-1.15187,-0.00733,-0.01221
2.6422,-1.15187,-0.00733,-0.01221
2.6523,-1.15187,-0.00733,-0.01221
2.6624,-1.15187,-0.00733,-0.01221
2.6724,-1.15187,-0.00733,-0.01221
2.6825,-1.15187,-0.00733,-0.01221
2.6926,-1.15187,-0.00733,-0.01221
2.7027,-1.15187,-0.00733,-0.01221
2.7128,-1.15187,0.00733,-0.01221
2.7229,-1.15187,-0.00733,-0.01221
2.7329,-1.15187,-0.00733,-0.01221
2.743,-1.15187,-0.00733,-0.01221
2.7531,-1.15187,0.00733,-0.01221
2.7632,-1.15187,0.00733,-0.01221
2.7733,-1.15187,-0.02198,-0.01221
2.7834,-1.15187,-0.00733,-0.01221
2.7935,-1.15187,-0.02198,-0.01221
2.8036,-1.15187,-0.02198,-0.01221
2.8143,-1.15187,-0.00733,-0.01221
2.8244,-1.15187,-0.00733,-0.01221
2.8346,-1.15187,-0.02198,-0.01221
2.8447,-1.15187,-0.02198,-0.01221
2.8548,-1.15187,-0.00733,-0.01221
2.8648,-1.15187,-0.00733,-0.01221
2.8749,-1.15187,-0.02198,-0.01709
2.885,-1.15187,-0.02198,-0.01221
2.8951,-1.15187,-0.00733,-0.01221
2.9051,-1.15187,-0.00733,-0.01221
2.9152,-1.15187,0.00733,-0.01221
2.9253,-1.15187,-0.00733,-0.01221
2.9354,-1.15187,0.00733,-0.01221
2.9455,-1.15187,-0.00733,-0.01221
2.9556,-1.15187,-0.00733,-0.01221
2.9656,-1.15187,-0.02198,-0.01221
2.9757,-1.15187,0.00733,-0.01221
2.9858,-1.15187,-0.00733,-0.01221
2.9959,-1.15187,-0.02198,-0.01221
3.006,-1.15187,-0.00733,-0.01221
3.0161,-1.15187,-0.02198,-0.01221
3.0266,-1.15187,-0.00733,-0.01221
3.0367,-1.15187,-0.00733,-0.01221
3.0468,-1.15187,-0.00733,-0.01221
3.0569,-1.15187,-0.00733,-0.01221
3.067,-1.15187,-0.00733,-0.01221
3.0771,-1.15187,-0.00733,-0.01221
3.0871,-1.15187,-0.00733,-0.01221
3.0973,-1.15187,-0.02198,-0.01221
3.1073,-1.15187,-0.00733,-0.01221
3.1174,-1.15187,-0.00733,-0.01221
3.1275,-1.15187,-0.00733,-0.01221
3.1376,-1.15187,-0.00733,-0.01221
3.1477,-1.15187,-0.00733,-0.01221
3.1578,-1.15187,-0.02198,-0.01221
3.1679,-1.15187,-0.00733,-0.01221
3.178,-1.15187,-0.00733,-0.01221
3.1881,-1.15187,-0.00733,-0.01221
3.1982,-1.15187,-0.02198,-0.01221
3.2083,-1.15187,-0.00733,-0.01221
3.2184,-1.15187,0.00733,-0.01221
3.2284,-1.15187,0.00733,-0.01221
3.2385,-1.15187,-0.02198,-0.01221
3.2486,-1.15187,-0.00733,-0.01221
3.2587,-1.15187,-0.00733,-0.01221
3.2688,-1.15187,-0.02198,-0.01221
3.2789,-1.15187,-0.00733,-0.01221
3.2889,-1.15187,-0.00733,-0.01221
3.299,-1.15187,0.00733,-0.01221
3.3091,-1.15187,0.00733,-0.01221
3.3192,-1.15187,-0.02198,-0.01221
3.3293,-1.15187,-0.00733,-0.00733
3.3393,-1.15187,0.00733,-0.01709
3.3494,-1.15187,0.00733,-0.01221
3.3595,-1.15225,-0.03663,-0.01221
3.3696,-1.15187,0.00733,-0.01221
3.3796,-1.15187,-0.00733,-0.01709
3.3897,-1.15187,-0.02198,-0.01221
3.3998,-1.15187,0.00733,-0.01221
3.4099,-1.15187,-0.00733,-0.01221
3.42,-1.15187,-0.02198,-0.01221
3.43,-1.15187,0.00733,-0.01221
3.4401,-1.15187,-0.03663,-0.01221
3.4502,-1.15187,0.00733,-0.01221
3.4603,-1.15187,-0.00733,-0.01221
3.4704,-1.15187,-0.00733,-0.01221
3.4805,-1.15187,0.00733,-0.01221
3.4906,-1.15187,-0.02198,-0.01221
3.5007,-1.15187,-0.00733,-0.01221
3.5107,-1.15187,-0.00733,-0.01221
3.5208,-1.15187,-0.00733,-0.01221
3.5309,-1.15187,0.00733,-0.01221
3.541,-1.15187,-0.00733,-0.01221
3.5511,-1.15187,-0.00733,-0.01221
3.5612,-1.15187,0.00733,-0.01221
3.5713,-1.15187,-0.00733,-0.01221
3.5814,-1.15187,-0.00733,-0.01221
3.5914,-1.15187,-0.00733,-0.01221
3.6015,-1.15187,-0.02198,-0.01221
3.6116,-1.15187,-0.00733,-0.01221
3.6217,-1.15187,-0.02198,-0.01221
3.6318,-1.15187,-0.00733,-0.01709
3.6419,-1.15187,0.00733,-0.01221
3.652,-1.15187,-0.00733,-0.01221
3.6621,-1.15187,-0.02198,-0.01221
3.6721,-1.15187,0.00733,-0.01221
3.6822,-1.15187,-0.00733,-0.01221
3.6923,-1.15187,0.00733,-0.01221
3.7024,-1.15187,0.00733,-0.01221
3.7125,-1.15187,-0.02198,-0.01221
3.7226,-1.15187,0.00733,-0.01221
3.7327,-1.15187,-0.00733,-0.01221
3.7427,-1.15187,0.00733,-0.01221
3.7528,-1.15187,-0.00733,-0.01221
3.7629,-1.15187,-0.02198,-0.01221
3.773,-1.15187,0.00733,-0.01221
3.783,-1.15187,-0.02198,-0.01221
3.7931,-1.15187,-0.00733,-0.01221
3.8032,-1.15187,-0.00733,-0.01221
3.8133,-1.15187,-0.00733,-0.01221
3.8234,-1.15187,0.00733,-0.01221
3.8334,-1.15187,-0.02198,-0.01221
3.8435,-1.15187,-0.00733,-0.01221
3.8536,-1.15187,-0.00733,-0.01221
3.8637,-1.15187,-0.02198,-0.01221
3.8737,-1.15187,-0.00733,-0.01221
3.8838,-1.15187,0.00733,-0.01221
3.8939,-1.15187,0.02198,-0.01221
3.904,-1.15187,0.00733,-0.01221
3.914,-1.15187,-0.02198,-0.01221
3.9241,-1.15187,0.00733,-0.01221
3.9342,-1.15187,-0.00733,-0.01221
3.9443,-1.15187,-0.00733,-0.01221
3.9543,-1.15187,0.00733,-0.01221
3.9644,-1.15187,-0.02198,-0.01221
3.9745,-1.15187,-0.00733,-0.01221
3.9846,-1.15187,0.00733,-0.01221
3.9946,-1.15187,-0.00733,-0.01221
4.0047,-1.15187,-0.00733,-0.01221
4.0148,-1.15187,0.00733,-0.00733
4.0249,-1.15187,-0.02198,-0.01221
4.0349,-1.15187,-0.00733,-0.01221
4.045,-1.15187,0.00733,-0.01221
4.0551,-1.15187,-0.02198,-0.01221
4.0651,-1.15187,-0.02198,-0.01221
4.0752,-1.15187,-0.00733,-0.01221
4.0853,-1.15187,-0.00733,-0.01221
4.0954,-1.15187,-0.00733,-0.01221
4.1055,-1.15187,-0.00733,-0.01221
4.1156,-1.15187,-0.00733,-0.01221
4.1256,-1.15187,0.00733,-0.01221
4.1357,-1.15187,-0.02198,-0.01221
4.1458,-1.15187,0.00733,-0.01221
4.1559,-1.15187,-0.02198,-0.01221
4.1659,-1.15187,-0.00733,-0.01221
4.176,-1.15187,-0.02198,-0.01221
4.1861,-1.15187,-0.00733,-0.01221
4.1962,-1.15187,-0.00733,-0.01221
4.2062,-1.15187,0.00733,-0.01221
4.2163,-1.15187,0.00733,-0.01221
4.2264,-1.15187,-0.02198,-0.01221
4.2365,-1.15187,-0.02198,-0.01221
4.2466,-1.15187,-0.00733,-0.01221
4.2567,-1.15187,0.00733,-0.01221
4.2668,-1.15187,-0.00733,-0.01221
4.2768,-1.15187,-0.00733,-0.01221
4.2869,-1.15187,-0.00733,-0.01221
4.297,-1.15187,-0.00733,-0.01221
4.3071,-1.15187,-0.00733,-0.01221
4.3172,-1.15187,-0.02198,-0.01709
4.3283,-1.15187,-0.00733,-0.01221
4.3384,-1.15187,0.00733,-0.01221
4.3485,-1.15187,-0.00733,-0.01221
4.3588,-1.15187,0.00733,-0.01221
4.3689,-1.15187,-0.00733,-0.01221
4.3794,-1.15187,-0.00733,-0.01221
4.3895,-1.15187,0.00733,-0.01221
4.3996,-1.15187,-0.02198,-0.01221
4.4097,-1.15187,-0.00733,-0.01221
4.4197,-1.15187,0.00733,-0.01221
4.4299,-1.15187,0.00733,-0.01221
4.44,-1.15187,-0.00733,-0.01221
4.4501,-1.15187,-0.02198,-0.01221
4.4602,-1.15187,-0.02198,-0.01221
4.4703,-1.15187,-0.00733,-0.01221
4.4804,-1.15187,-0.00733,-0.01221
4.4905,-1.15187,0.00733,-0.01221
4.5006,-1.15187,-0.00733,-0.01221
4.5166,-1.15187,-0.00733,-0.01221
4.5267,-1.15187,-0.00733,-0.01221
4.5368,-1.15187,-0.00733,-0.01221
4.5469,-1.15187,-0.00733,-0.01221
4.557,-1.15187,-0.03663,-0.01221
4.5671,-1.15187,-0.00733,-0.01221
4.5826,-1.15187,-0.00733,-0.00733
4.5927,-1.15187,0.00733,-0.01221
4.6027,-1.15187,-0.00733,-0.01221
4.6128,-1.15187,-0.02198,-0.01221
4.6229,-1.15187,-0.00733,-0.01221
4.633,-1.15187,0.00733,-0.01221
4.6431,-1.15187,-0.00733,-0.01221
4.6532,-1.15187,-0.00733,-0.01221
4.6633,-1.15187,0.00733,-0.01221
4.6734,-1.15187,-0.02198,-0.01221
4.6835,-1.15187,-0.02198,-0.01221
4.6936,-1.15187,-0.00733,-0.01221
4.7037,-1.15187,-0.02198,-0.01221
4.7138,-1.15187,-0.02198,-0.00733
4.7239,-1.15187,-0.02198,-0.01221
4.734,-1.15187,0.00733,-0.01221
4.7441,-1.15187,0.02198,-0.01221
4.7542,-1.15187,-0.02198,-0.01221
4.7642,-1.15187,-0.00733,-0.01221
4.7743,-1.15187,-0.02198,-0.01221
4.7844,-1.15187,-0.00733,-0.01221
4.7945,-1.15187,-0.02198,-0.01221
4.8046,-1.15187,-0.00733,-0.01221
4.8147,-1.15187,-0.02198,-0.01221
4.8248,-1.15187,-0.02198,-0.01221
4.8349,-1.15187,-0.02198,-0.01221
4.845,-1.15187,-0.00733,-0.01221
4.8551,-1.15187,0.00733,-0.01221
4.8652,-1.15187,0.00733,-0.01221
4.8753,-1.15187,-0.00733,-0.01221
4.8854,-1.15187,-0.00733,-0.01221
4.8955,-1.15187,-0.00733,-0.01221
4.9056,-1.15187,0.02198,-0.01221
4.9156,-1.15187,0.00733,-0.01221
4.9257,-1.15187,-0.02198,-0.00733
4.9358,-1.15187,-0.02198,-0.01221
4.9459,-1.15187,-0.00733,-0.00733
4.956,-1.15187,-0.00733,-0.00733
4.9661,-1.15187,-0.00733,-0.00733
4.9762,-1.15187,-0.00733,-0.01221
4.9862,-1.15187,-0.00733,-0.01221
4.9963,-1.15187,-0.02198,-0.00733
5.0065,-1.15225,-0.02198,-0.00733
5.0166,-1.15187,-0.02198,-0.00733
5.0267,-1.15225,-0.02198,-0.01221
5.0368,-1.15225,-0.00733,-0.01221
5.0469,-1.15225,-0.00733,-0.01221
5.057,-1.15225,-0.00733,-0.01221
5.067,-1.15225,-0.02198,-0.01221
5.0771,-1.15225,-0.00733,-0.01221
5.0872,-1.15225,-0.00733,-0.01221
5.0973,-1.15225,-0.00733,-0.00733
5.1074,-1.15225,-0.00733,-0.00733
5.1175,-1.15263,-0.02198,-0.00733
5.1276,-1.15263,-0.02198,-0.00733
5.1377,-1.15263,-0.00733,-0.00733
5.1477,-1.15263,-0.00733,-0.00733
5.1578,-1.15263,-0.02198,-0.00733
5.1679,-1.15263,-0.02198,-0.00733
5.178,-1.15301,-0.02198,-0.00244
5.1881,-1.15301,-0.00733,0.00244
5.1982,-1.15339,-0.02198,0.00244
5.2083,-1.15377,-0.05128,0.01221
5.2184,-1.15568,-0.22711,0.05128
5.2284,-1.15797,-0.18315,0.10989
5.2387,-1.15797,-0.05128,0.09524
5.2488,-1.15988,-0.21245,0.08059
5.2589,-1.16102,-0.06593,0.08547
5.269,-1.16102,-0.03663,0.06105
5.279,-1.1614,-0.05128,0.03175
5.2891,-1.16369,-0.27106,0.07082
5.2992,-1.16674,-0.25641,0.16361
5.3094,-1.16865,-0.12454,0.17338
5.3195,-1.17094,-0.27106,0.16361
5.3296,-1.17552,-0.47619,0.25153
5.3397,-1.17895,-0.35897,0.28083
5.3498,-1.17971,-0.06593,0.17338
5.3599,-1.18086,-0.15385,0.10989
5.37,-1.18544,-0.44689,0.1978
5.3801,-1.18658,-0.12454,0.18803
5.3902,-1.18696,-0.08059,0.10012
5.4003,-1.18811,-0.10989,0.06593
5.4103,-1.19116,-0.32967,0.13919
5.4204,-1.19535,-0.40293,0.24664
5.4305,-1.19917,-0.35897,0.2906
5.4406,-1.20375,-0.47619,0.31502
5.4507,-1.20642,-0.24176,0.27106
5.4608,-1.20832,-0.24176,0.20269
5.4709,-1.21138,-0.25641,0.18803
5.481,-1.21252,-0.12454,0.15385
5.4911,-1.2129,-0.06593,0.08059
5.5011,-1.21366,-0.10989,0.05617
5.5112,-1.2171,-0.34432,0.11966
5.5213,-1.22129,-0.44689,0.25641
5.5314,-1.22473,-0.37363,0.27595
5.5415,-1.2293,-0.47619,0.31013
5.5516,-1.23198,-0.22711,0.25153
5.5625,-1.23465,-0.25641,0.10501
5.5726,-1.23503,-0.30037,0.11477
5.5826,-1.23922,-0.44689,0.1978
5.5927,-1.24075,-0.15385,0.1978
5.6028,-1.24342,-0.27106,0.17827
5.6129,-1.24838,-0.50549,0.26129
5.623,-1.25296,-0.43223,0.33944
5.6336,-1.25677,-0.35897,0.31013
5.6437,-1.25792,-0.10989,0.20269
5.6538,-1.25944,-0.18315,0.13431
5.6639,-1.26402,-0.40293,0.20757
5.674,-1.26555,-0.13919,0.20269
5.6866,-1.26593,-0.09524,0.10989
5.6967,-1.2705,-0.38828,0.1685
5.7067,-1.27432,-0.32967,0.27106
5.7168,-1.27699,-0.31502,0.24664
5.7269,-1.28119,-0.43223,0.27595
5.737,-1.28424,-0.32967,0.26618
5.747,-1.285,-0.08059,0.16361
5.7571,-1.28805,-0.35897,0.17338
5.7672,-1.29225,-0.38828,0.23687
5.7773,-1.29263,-0.06593,0.15873
5.7874,-1.29454,-0.28571,0.12943
5.7975,-1.30026,-0.54945,0.25641
5.8075,-1.30369,-0.31502,0.31502
5.8176,-1.30751,-0.41758,0.2906
5.8277,-1.31132,-0.32967,0.28083
5.8378,-1.31323,-0.25641,0.22711
5.8479,-1.31666,-0.35897,0.22222
5.858,-1.31857,-0.15385,0.19292
5.8681,-1.31971,-0.15385,0.13431
5.8781,-1.32391,-0.38828,0.18803
5.8882,-1.32734,-0.34432,0.26129
5.8984,-1.33001,-0.28571,0.24176
5.9085,-1.33497,-0.49084,0.29548
5.9186,-1.34031,-0.28571,0.23199
5.9286,-1.34108,-0.31502,0.23199
5.9387,-1.34375,-0.37363,0.20269
5.9488,-1.34566,-0.18315,0.1685
5.9589,-1.34794,-0.25641,0.16361
5.969,-1.35214,-0.43223,0.22711
5.9791,-1.35634,-0.44689,0.31013
5.9891,-1.36091,-0.43223,0.32967
5.9992,-1.3632,-0.22711,0.27106
6.0093,-1.36511,-0.22711,0.18803
6.0194,-1.36854,-0.32967,0.20757
6.0295,-1.37007,-0.12454,0.17338
6.0396,-1.37045,-0.06593,0.09524
6.0496,-1.37312,-0.30037,0.11966
6.0597,-1.37846,-0.54945,0.28083
6.0698,-1.38304,-0.44689,0.34432
6.0799,-1.38685,-0.38828,0.33455
6.09,-1.38914,-0.21245,0.23687
6.1001,-1.38952,-0.08059,0.13431
6.1102,-1.39258,-0.32967,0.14408
6.1202,-1.39677,-0.38828,0.22711
6.1303,-1.39677,-0.03663,0.15385
6.1404,-1.39792,-0.13919,0.09035
6.1505,-1.40288,-0.50549,0.22222
6.1606,-1.40822,-0.50549,0.35897
6.1707,-1.41203,-0.41758,0.34432
6.1808,-1.41546,-0.31502,0.28571
6.1908,-1.41699,-0.18315,0.21245
6.2009,-1.42157,-0.43223,0.23687
6.211,-1.42424,-0.24176,0.25153
6.2211,-1.42729,-0.34432,0.22711
6.2315,-1.43263,-0.52015,0.31502
6.2416,-1.43759,-0.47619,0.37851
6.2516,-1.44102,-0.37363,0.3199
6.2617,-1.44293,-0.21245,0.22222
6.2718,-1.44598,-0.32967,0.20757
6.2819,-1.44903,-0.30037,0.21245
6.2946,-1.45323,-0.40293,0.1685
6.3047,-1.45361,-0.40293,0.1685
6.3148,-1.45933,-0.54945,0.28083
6.3249,-1.46391,-0.49084,0.35897
6.3349,-1.46735,-0.35897,0.32479
6.345,-1.46963,-0.25641,0.23687
6.3551,-1.47345,-0.40293,0.23687
6.3652,-1.47612,-0.21245,0.22222
6.3753,-1.47841,-0.27106,0.18315
6.3854,-1.4826,-0.44689,0.24176
6.3955,-1.4868,-0.43223,0.29548
6.4055,-1.49138,-0.47619,0.32967
6.4156,-1.49443,-0.27106,0.27106
6.4259,-1.49596,-0.21245,0.20269
6.436,-1.49939,-0.28571,0.1978
6.4461,-1.50092,-0.12454,0.15873
6.4562,-1.50092,-0.05128,0.08547
6.4663,-1.50092,-0.02198,0.03663
6.4764,-1.50092,-0.02198,0.00733
6.4865,-1.50092,-0.00733,-0.00244
6.4967,-1.50092,0.00733,-0.01221
6.5068,-1.50092,-0.00733,-0.01221
6.5168,-1.50092,-0.02198,-0.01221
6.5269,-1.50092,-0.00733,-0.01221
6.537,-1.50092,0.00733,-0.01709
6.5471,-1.50053,-0.02198,-0.02198
6.5572,-1.50053,0.00733,-0.02198
6.5673,-1.50053,-0.00733,-0.01709
6.5774,-1.50053,-0.00733,-0.01709
6.5874,-1.50053,0.00733,-0.01709
6.5975,-1.50053,-0.00733,-0.01709
6.6076,-1.50015,0.00733,-0.01709
6.6177,-1.50053,-0.00733,-0.01709
6.6278,-1.50015,-0.00733,-0.01709
6.6378,-1.50015,-0.02198,-0.01709
6.6479,-1.50015,0.00733,-0.01709
6.658,-1.50015,-0.02198,-0.01709
6.6681,-1.49977,0.00733,-0.01709
6.6782,-1.50015,-0.02198,-0.01709
6.6883,-1.50015,0.00733,-0.01221
6.6983,-1.49977,-0.00733,-0.01221
6.7084,-1.49977,-0.00733,-0.01709
6.7185,-1.49977,-0.00733,-0.01221
6.7286,-1.50015,-0.02198,-0.00733
6.7386,-1.49977,0.00733,-0.00733
6.7487,-1.49977,-0.00733,-0.01221
6.7588,-1.49977,-0.00733,-0.01221
6.7689,-1.49977,0.00733,-0.00733
6.779,-1.49977,-0.00733,-0.00733
6.7891,-1.50015,0.00733,-0.00733
6.7991,-1.49977,-0.00733,-0.00733
6.8092,-1.49977,-0.02198,-0.01221
6.8193,-1.49977,-0.00733,-0.01221
6.8294,-1.49977,-0.00733,-0.01221
6.8395,-1.49977,-0.00733,-0.01221
6.8495,-1.49977,-0.00733,-0.00733
6.8596,-1.50015,-0.03663,-0.01221
6.8697,-1.49977,-0.00733,-0.00733
6.8798,-1.49977,0.00733,-0.01221
6.8899,-1.50015,-0.00733,-0.01221
6.9,-1.50015,-0.02198,-0.00733
6.91,-1.50015,-0.02198,-0.01709
6.9201,-1.49977,-0.00733,-0.01709
6.9302,-1.49977,-0.02198,-0.01709
6.9403,-1.49977,0.00733,-0.01221
6.9504,-1.49977,0.00733,-0.01221
6.9605,-1.49977,-0.00733,-0.01221
6.9705,-1.50015,-0.02198,-0.00733
6.9806,-1.49977,-0.00733,-0.00733
6.9907,-1.50015,-0.02198,-0.01221
7.0008,-1.49977,0.00733,-0.01221
7.0109,-1.49977,-0.00733,-0.01221
7.021,-1.49977,-0.00733,-0.01221
7.031,-1.49977,-0.00733,-0.00733
7.0411,-1.49977,-0.00733,-0.00733
7.0512,-1.49977,0.00733,-0.00733
7.0613,-1.50015,-0.02198,-0.00733
7.0714,-1.50015,-0.02198,-0.00733
7.0814,-1.50015,-0.02198,-0.01221
7.0915,-1.49977,-0.00733,-0.01709
7.1016,-1.49977,0.00733,-0.01709
7.1117,-1.49977,-0.00733,-0.01221
7.1218,-1.49977,-0.00733,-0.01221
7.1319,-1.49977,-0.00733,-0.00733
7.142,-1.49977,-0.00733,-0.00733
7.152,-1.49977,0.00733,-0.01221
7.1621,-1.49977,-0.00733,-0.01221
7.1722,-1.49977,0.00733,-0.00733
7.1823,-1.49977,-0.00733,-0.00733
7.1924,-1.49977,0.00733,-0.00733
7.2025,-1.49977,0.00733,-0.00733
7.2125,-1.49977,0.02198,-0.00733
7.2226,-1.49977,0.00733,-0.01221
7.2327,-1.49977,-0.00733,-0.00733
7.2428,-1.49977,-0.00733,-0.00733
7.2529,-1.49977,-0.02198,-0.00733
7.263,-1.49977,-0.00733,-0.00733
7.273,-1.50015,-0.02198,-0.00733
7.2831,-1.49977,0.00733,-0.00733
7.2932,-1.49977,-0.00733,-0.01221
7.3033,-1.50015,-0.00733,-0.01221
7.3134,-1.50015,-0.02198,-0.00733
7.3235,-1.49977,-0.00733,-0.01221
7.3335,-1.50015,-0.02198,-0.01709
7.3436,-1.49977,-0.00733,-0.01221
7.3537,-1.50015,-0.02198,-0.01221
7.3638,-1.49977,-0.00733,-0.01221
7.3739,-1.49977,-0.00733,-0.01221
7.384,-1.50015,0.00733,-0.01221
7.394,-1.49977,-0.00733,-0.01221
7.4041,-1.50015,-0.00733,-0.01709
7.4142,-1.49977,0.00733,-0.01221
7.4243,-1.50015,-0.00733,-0.01709
7.4344,-1.50015,-0.00733,-0.01221
7.4445,-1.49977,-0.00733,-0.01221
7.4546,-1.49977,0.00733,-0.01709
7.4647,-1.49977,0.02198,-0.01221
7.4747,-1.49977,-0.00733,-0.00733
7.4848,-1.49977,-0.00733,-0.00733
7.4949,-1.49977,-0.00733,-0.00733
7.505,-1.49977,-0.00733,-0.01221
7.5151,-1.49977,-0.02198,-0.00733
7.5252,-1.49977,-0.03663,-0.01221
7.5353,-1.49977,-0.00733,-0.00733
7.5454,-1.49977,-0.00733,-0.01221
7.5555,-1.50015,-0.02198,-0.00733
7.5655,-1.49977,-0.00733,-0.01221
7.5756,-1.49977,-0.00733,-0.01221
7.5857,-1.49977,-0.00733,-0.01221
7.5958,-1.49977,0.00733,-0.00733
7.6059,-1.49977,-0.00733,-0.00733
7.616,-1.49977,-0.02198,-0.00733
7.6261,-1.50015,-0.00733,-0.01221
7.6361,-1.49977,-0.00733,-0.01221
7.6462,-1.50015,-0.02198,-0.01221
7.6563,-1.49977,-0.00733,-0.01221
7.6664,-1.49977,-0.00733,-0.01709
7.6765,-1.49977,-0.02198,-0.01221
7.6866,-1.49977,0.00733,-0.00733
7.6967,-1.49977,0.00733,-0.00733
7.7068,-1.49977,0.00733,-0.00733
7.7168,-1.50015,-0.02198,-0.00733
7.7269,-1.49977,0.02198,-0.00733
7.737,-1.49977,0.00733,-0.01221
7.7471,-1.49977,-0.00733,-0.01221
7.7572,-1.49977,-0.00733,-0.01221
7.7673,-1.49977,0.00733,-0.00733
7.7773,-1.49977,0.00733,-0.00733
7.7874,-1.49977,-0.00733,-0.00733
7.7975,-1.49977,0.00733,-0.01221
7.8076,-1.49977,-0.00733,-0.01221
7.8177,-1.49977,-0.00733,-0.00733
7.8278,-1.50015,-0.02198,-0.00733
7.8379,-1.49977,0.00733,-0.01221
7.8479,-1.49977,-0.02198,-0.01221
7.858,-1.49977,-0.02198,-0.01221
7.8681,-1.49977,-0.00733,-0.00733
7.8782,-1.49977,-0.00733,-0.00733
7.8883,-1.49977,-0.00733,-0.00733
7.8984,-1.49977,-0.02198,-0.00733
7.9084,-1.49977,-0.02198,-0.01221
7.9185,-1.49977,-0.02198,-0.00733
7.9286,-1.49977,0.00733,-0.00733
7.9387,-1.50015,-0.00733,-0.01221
7.9487,-1.49977,-0.00733,-0.00733
7.9588,-1.49977,0.00733,-0.01221
7.9689,-1.49977,-0.00733,-0.01221
7.979,-1.49977,-0.02198,-0.01221
7.9891,-1.50015,0.00733,-0.00733
7.9992,-1.50015,-0.02198,-0.00733
8.0093,-1.50015,-0.00733,-0.01221
8.0193,-1.49977,-0.00733,-0.01709
8.0294,-1.49977,-0.00733,-0.01709
8.0395,-1.49977,-0.00733,-0.01221
8.0496,-1.50015,-0.02198,-0.00733
8.0597,-1.50015,-0.00733,-0.00733
8.0697,-1.49977,-0.00733,-0.01221
8.0798,-1.49977,-0.00733,-0.01709
8.0899,-1.49977,-0.00733,-0.01221
8.1,-1.49977,-0.00733,-0.01221
8.1101,-1.49977,-0.00733,-0.00733
8.1202,-1.49977,0.00733,-0.00733
8.1302,-1.49977,0.00733,-0.01221
8.1403,-1.49977,0.00733,-0.00733
8.1504,-1.49977,-0.02198,-0.01221
8.1605,-1.49977,-0.02198,-0.00733
8.1706,-1.49977,0.00733,-0.00733
8.1807,-1.50015,-0.03663,-0.01221
8.1907,-1.50015,-0.02198,-0.00733
8.2008,-1.50015,-0.00733,-0.01221
8.2109,-1.49977,-0.00733,-0.01709
8.221,-1.49977,-0.00733,-0.01709
8.2311,-1.49977,-0.00733,-0.00733
8.2412,-1.49977,-0.00733,-0.00733
8.2513,-1.49977,-0.00733,-0.00733
8.2613,-1.50015,-0.02198,-0.01221
8.2714,-1.49977,0.00733,-0.00733
8.2815,-1.49977,-0.00733,-0.01221
8.2916,-1.50015,-0.00733,-0.01221
8.3017,-1.49977,-0.00733,-0.01221
8.3118,-1.49977,-0.02198,-0.01221
8.3219,-1.49977,-0.00733,-0.01221
8.3319,-1.49977,-0.00733,-0.01221
8.342,-1.49977,-0.00733,-0.00733
8.3521,-1.49977,0.00733,-0.00733
8.3622,-1.49977,-0.00733,-0.00733
8.3723,-1.49977,-0.00733,-0.01221
8.3823,-1.50015,-0.02198,-0.00733
8.3924,-1.50015,-0.03663,-0.00733
8.4025,-1.50015,-0.00733,-0.01221
8.4126,-1.50015,-0.00733,-0.01221
8.4227,-1.49977,-0.00733,-0.01221
8.4328,-1.50015,-0.02198,-0.01221
8.4429,-1.50015,-0.00733,-0.00733
8.453,-1.50015,0.00733,-0.00733
8.463,-1.50015,-0.00733,-0.01221
8.4731,-1.50015,-0.00733,-0.01221
8.4832,-1.50015,-0.00733,-0.01221
8.4933,-1.50015,-0.00733,-0.01221
8.5034,-1.50015,-0.02198,-0.01221
8.5134,-1.50015,0.00733,-0.01221
8.5235,-1.50015,-0.00733,-0.00733
8.5336,-1.50015,-0.02198,-0.00733
8.5437,-1.50053,-0.03663,-0.00733
8.5538,-1.50053,-0.00733,-0.00733
8.5638,-1.50015,-0.00733,-0.01221
8.5739,-1.50053,-0.00733,-0.01221
8.584,-1.50053,-0.00733,-0.00733
8.5941,-1.50053,-0.03663,-0.00733
8.6041,-1.50053,-0.02198,-0.00733
8.6142,-1.50053,-0.00733,-0.00733
8.6243,-1.50092,-0.02198,-0.00733
8.6344,-1.50092,-0.02198,-0.00733
8.6444,-1.50092,-0.00733,-0.00733
8.6545,-1.50092,-0.00733,-0.01221
8.6646,-1.50092,-0.00733,-0.01221
8.6747,-1.50092,0.00733,-0.01221
8.6848,-1.50092,-0.02198,-0.01221
8.6948,-1.50092,-0.00733,-0.00733
8.7049,-1.5013,-0.00733,-0.00733
8.715,-1.5013,0.00733,-0.00244
8.7251,-1.5013,-0.03663,-0.00244
8.7351,-1.50168,-0.03663,0.00244
8.7452,-1.50206,-0.05128,0.01221
8.7553,-1.50397,-0.1685,0.0464
8.7654,-1.5074,-0.34432,0.16361
8.7755,-1.51083,-0.35897,0.24664
8.7856,-1.51427,-0.34432,0.27106
8.7956,-1.51884,-0.43223,0.30037
8.8057,-1.52037,-0.15385,0.22711
8.8158,-1.5219,-0.21245,0.15385
8.8259,-1.52609,-0.34432,0.1978
8.8359,-1.52686,-0.09524,0.1685
8.846,-1.52762,-0.08059,0.09035
8.8561,-1.52991,-0.27106,0.10989
8.8662,-1.53487,-0.49084,0.24664
8.8763,-1.53906,-0.41758,0.31502
8.8863,-1.54326,-0.46154,0.33455
8.8964,-1.54631,-0.27106,0.27106
8.9065,-1.54707,-0.10989,0.17338
8.9166,-1.55089,-0.37363,0.18803
8.9267,-1.55394,-0.30037,0.22222
8.9368,-1.55432,-0.05128,0.14408
8.9469,-1.56233,-0.5348,0.26618
8.957,-1.56271,-0.50549,0.28083
8.9671,-1.56691,-0.46154,0.28571
8.9772,-1.57149,-0.44689,0.3199
8.9872,-1.57187,-0.06593,0.1978
8.9973,-1.57301,-0.13919,0.10501
9.0074,-1.57721,-0.43223,0.17827
9.0175,-1.57988,-0.1978,0.21734
9.0275,-1.57988,-0.05128,0.12454
9.0376,-1.58141,-0.18315,0.09524
9.0477,-1.58637,-0.47619,0.22222
9.0578,-1.59056,-0.38828,0.30525
9.0679,-1.59361,-0.34432,0.28571
9.0779,-1.59781,-0.38828,0.28571
9.088,-1.59972,-0.1978,0.22711
9.0981,-1.60239,-0.30037,0.20269
9.1082,-1.60582,-0.37363,0.22711
9.1182,-1.60697,-0.08059,0.16361
9.1283,-1.60773,-0.09524,0.10012
9.1384,-1.61192,-0.43223,0.18315
9.1485,-1.61612,-0.40293,0.2906
9.1586,-1.61841,-0.1978,0.24176
9.1687,-1.62184,-0.40293,0.23199
9.1787,-1.6249,-0.27106,0.23199
9.1888,-1.6249,-0.05128,0.12943
9.1989,-1.62642,-0.18315,0.08547
9.209,-1.63062,-0.35897,0.17338
9.2191,-1.63214,-0.13919,0.18315
9.2291,-1.63214,-0.05128,0.09524
9.2392,-1.63291,-0.06593,0.05128
9.2493,-1.63405,-0.12454,0.05617
9.2594,-1.63634,-0.1978,0.09524
9.2695,-1.63634,-0.02198,0.08547
9.2796,-1.63672,-0.00733,0.04151
9.2897,-1.63672,-0.00733,0.01221
9.2997,-1.63634,0.00733,-0.00733
9.3098,-1.63634,-0.00733,-0.01709
9.3199,-1.63634,0.00733,-0.01709
9.33,-1.63634,0.03663,-0.01709
9.34,-1.63596,0.00733,-0.02198
9.3501,-1.63596,0.00733,-0.02686
9.3602,-1.63596,0.00733,-0.02686
9.3703,-1.63558,-0.00733,-0.02198
9.3804,-1.63558,0.00733,-0.02686
9.3905,-1.63558,0.00733,-0.02198
9.4005,-1.63519,0.00733,-0.02198
9.4106,-1.63519,-0.00733,-0.02198
9.4207,-1.63519,-0.00733,-0.01221
9.4308,-1.63519,-0.00733,-0.01221
9.4409,-1.63519,-0.00733,-0.01221
9.451,-1.63519,-0.00733,-0.01221
9.4611,-1.63519,0.00733,-0.01221
9.4712,-1.63519,-0.00733,-0.01221
9.4812,-1.63519,-0.00733,-0.01221
9.4913,-1.63519,-0.00733,-0.01221
9.5014,-1.63519,0.00733,-0.01221
9.5115,-1.63519,-0.00733,-0.01221
9.5216,-1.63519,-0.00733,-0.01221
9.5317,-1.63519,-0.02198,-0.01221
9.5418,-1.63519,0.00733,-0.01221
9.5519,-1.63519,-0.00733,-0.01221
9.5619,-1.63519,0.00733,-0.01221
9.572,-1.63519,-0.00733,-0.01221
9.5821,-1.63519,-0.00733,-0.01221
9.5922,-1.63519,0.00733,-0.00733
9.6023,-1.63519,-0.00733,-0.01221
9.6124,-1.63519,-0.02198,-0.01221
9.6225,-1.63519,-0.02198,-0.01221
9.6325,-1.63519,-0.00733,-0.01221
9.6426,-1.63519,-0.00733,-0.00733
9.6527,-1.63519,-0.00733,-0.01221
9.6628,-1.63519,0.00733,-0.01221
9.6729,-1.63519,-0.00733,-0.01221
9.683,-1.63519,-0.00733,-0.01221
9.6931,-1.63519,-0.00733,-0.01221
9.7031,-1.63519,0.00733,-0.01221
9.7132,-1.63519,0.00733,-0.01221
9.7233,-1.63519,-0.00733,-0.01221
9.7334,-1.63519,0.02198,-0.01221
9.7435,-1.63519,-0.00733,-0.01221
9.7536,-1.63519,-0.02198,-0.01221
9.7637,-1.63519,-0.00733,-0.01221
9.7737,-1.63519,-0.02198,-0.01221
9.7838,-1.63519,0.00733,-0.01221
9.7939,-1.63519,-0.00733,-0.01221
9.804,-1.63519,0.00733,-0.01221
9.8141,-1.63519,-0.00733,-0.01221
9.8242,-1.63519,-0.00733,-0.01221
9.8343,-1.63519,-0.00733,-0.01221
9.8444,-1.63519,-0.00733,-0.01221
9.8545,-1.63519,-0.00733,-0.01221
9.8645,-1.63519,0.02198,-0.00733
9.8746,-1.63519,-0.02198,-0.01221
9.8847,-1.63519,0.00733,-0.01221
9.8948,-1.63519,-0.00733,-0.01221
9.9049,-1.63519,-0.02198,-0.01221
9.915,-1.63519,-0.02198,-0.01221
9.925,-1.63519,0.00733,-0.01221
9.9351,-1.63519,-0.00733,-0.01221
9.9452,-1.63519,-0.00733,-0.00733
9.9553,-1.63519,-0.00733,-0.01221
9.9653,-1.63519,0.02198,-0.01221
9.9754,-1.63519,-0.00733,-0.01221
9.9855,-1.63519,0.00733,-0.01221
9.9956,-1.63519,0.00733,-0.01221
10.0057,-1.63519,0.00733,-0.01221
10.0158,-1.63519,0.00733,-0.01221
10.0258,-1.63519,-0.00733,-0.01221
10.0359,-1.63519,-0.02198,-0.01221
10.046,-1.63519,0.00733,-0.01221
10.0561,-1.63519,0.02198,-0.00733
10.0662,-1.63519,-0.00733,-0.01221
10.0763,-1.63519,-0.00733,-0.01221
10.0863,-1.63519,-0.02198,-0.01221
10.0964,-1.63519,-0.00733,-0.00733
10.1065,-1.63519,-0.00733,-0.01221
10.1166,-1.63519,-0.00733,-0.01221
10.1267,-1.63519,0.00733,-0.01221
10.1368,-1.63519,0.00733,-0.01221
10.1469,-1.63519,-0.03663,-0.01221
10.1569,-1.63519,-0.02198,-0.01221
10.167,-1.63519,-0.00733,-0.01221
10.1771,-1.63519,0.00733,-0.01221
10.1872,-1.63519,-0.00733,-0.01221
10.1973,-1.63519,-0.00733,-0.01221
10.2073,-1.63519,-0.02198,-0.01221
10.2174,-1.63519,-0.02198,-0.01221
10.2275,-1.63519,0.00733,-0.01221
10.2376,-1.63519,-0.00733,-0.01221
10.2477,-1.63519,0.00733,-0.01221
10.2577,-1.63519,-0.00733,-0.01221
10.2678,-1.63519,-0.00733,-0.01221
10.2779,-1.63519,0.00733,-0.01221
10.288,-1.63519,-0.00733,-0.01221
10.2981,-1.63519,-0.00733,-0.01221
10.3081,-1.63519,-0.02198,-0.01221
10.3182,-1.63519,-0.00733,-0.01709
10.3283,-1.63519,0.00733,-0.01221
10.3384,-1.63519,-0.00733,-0.01709
10.3484,-1.63519,-0.00733,-0.01221
10.3585,-1.63519,-0.00733,-0.01709
10.3686,-1.63481,0.00733,-0.01709
10.3787,-1.63519,-0.00733,-0.01709
10.3888,-1.63519,0.00733,-0.00733
10.3988,-1.63519,-0.00733,-0.01221
10.4089,-1.63519,-0.02198,-0.01709
10.419,-1.63519,0.00733,-0.01221
10.4291,-1.63519,-0.02198,-0.01221
10.4392,-1.63519,-0.00733,-0.01221
10.4492,-1.63519,-0.00733,-0.01221
10.4593,-1.63519,0.00733,-0.01221
10.4694,-1.63519,-0.00733,-0.01221
10.4795,-1.63519,-0.00733,-0.01221
10.4896,-1.63519,-0.00733,-0.01221
10.4997,-1.63519,-0.00733,-0.01221
10.5098,-1.63519,-0.00733,-0.01709
10.5199,-1.63519,-0.02198,-0.01709
10.5299,-1.63519,-0.00733,-0.01709
10.54,-1.63519,0.00733,-0.01709
10.5501,-1.63481,-0.00733,-0.01709
10.5602,-1.63481,0.00733,-0.02198
10.5703,-1.63481,0.00733,-0.02198
10.5804,-1.63443,0.00733,-0.02686
10.5904,-1.63405,0.00733,-0.02686
10.6005,-1.63367,0.06593,-0.03663
10.6106,-1.63214,0.18315,-0.06593
10.6207,-1.63062,0.08059,-0.10501
10.6308,-1.63062,0.02198,-0.08059
10.6423,-1.63062,-0.00733,-0.05128
10.6524,-1.63024,0.03663,-0.03175
10.6625,-1.62909,0.10989,-0.05128
10.6726,-1.6268,0.21245,-0.10989
10.6827,-1.62718,-0.02198,-0.09524
10.6929,-1.62642,0.05128,-0.06593
10.703,-1.62528,0.10989,-0.06593
10.7131,-1.62261,0.25641,-0.13431
10.7232,-1.62261,-0.00733,-0.11477
10.7333,-1.62184,0.05128,-0.08059
10.7434,-1.61955,0.21245,-0.10501
10.7535,-1.61994,-0.02198,-0.08547
10.7636,-1.61994,0.00733,-0.05128
10.7737,-1.61955,-0.00733,-0.03175
10.7838,-1.61955,0.00733,-0.02198
10.7939,-1.61955,-0.00733,-0.01709
10.804,-1.61955,0.00733,-0.01709
10.8141,-1.61917,0.00733,-0.02198
10.8242,-1.61879,0.02198,-0.02686
10.8343,-1.61841,0.08059,-0.03663
10.8444,-1.61574,0.31502,-0.11477
10.8544,-1.61192,0.32967,-0.22711
10.8645,-1.61192,0.03663,-0.1685
10.8746,-1.61078,0.06593,-0.10012
10.8847,-1.60735,0.37363,-0.17338
10.8948,-1.60277,0.40293,-0.29548
10.9049,-1.60086,0.18315,-0.26618
10.915,-1.59895,0.1978,-0.1978
10.925,-1.59514,0.34432,-0.24176
10.9351,-1.59323,0.1685,-0.21734
10.9452,-1.59285,0.05128,-0.13919
10.9553,-1.59056,0.22711,-0.13431
10.9654,-1.58675,0.32967,-0.23199
10.9754,-1.58446,0.18315,-0.22711
10.9855,-1.58255,0.25641,-0.21245
10.9956,-1.57721,0.50549,-0.30525
11.0056,-1.57301,0.37363,-0.35409
11.0157,-1.57111,0.24176,-0.28083
11.0258,-1.56691,0.40293,-0.27106
11.0359,-1.56653,0.03663,-0.19292
11.0459,-1.56577,0.09524,-0.10989
11.056,-1.56348,0.22711,-0.13431
11.0661,-1.55928,0.37363,-0.23199
11.0762,-1.55814,0.10989,-0.21245
11.0863,-1.55737,0.06593,-0.13431
11.0964,-1.55241,0.52015,-0.24176
11.1064,-1.54746,0.41758,-0.35897
11.1165,-1.54517,0.24176,-0.31013
11.1266,-1.54211,0.25641,-0.25153
11.1367,-1.54021,0.18315,-0.20269
11.1468,-1.53944,0.06593,-0.13431
11.1568,-1.53906,0.06593,-0.09035
11.1669,-1.53563,0.32967,-0.15385
11.177,-1.5322,0.31502,-0.24176
11.1871,-1.53067,0.15385,-0.21734
11.1972,-1.52686,0.37363,-0.24664
11.2072,-1.52152,0.49084,-0.33944
11.2173,-1.51999,0.13919,-0.27106
11.2274,-1.51808,0.24176,-0.20269
11.2375,-1.51389,0.35897,-0.24176
11.2476,-1.51389,0.00733,-0.17338
11.2576,-1.51312,0.08059,-0.10012
11.2677,-1.51122,0.18315,-0.11477
11.2778,-1.5074,0.35897,-0.21734
11.2879,-1.50473,0.21245,-0.25641
11.298,-1.50206,0.25641,-0.23687
11.3081,-1.49634,0.54945,-0.32967
11.3182,-1.49405,0.24176,-0.30037
11.3282,-1.49252,0.1978,-0.22222
11.3383,-1.48871,0.28571,-0.23199
11.3484,-1.48718,0.10989,-0.1978
11.3585,-1.48718,0.05128,-0.11966
11.3686,-1.48604,0.10989,-0.09035
11.3786,-1.48222,0.37363,-0.18803
11.3887,-1.47917,0.30037,-0.25641
11.3988,-1.47726,0.21245,-0.24176
11.4089,-1.47307,0.38828,-0.28083
11.4189,-1.46925,0.32967,-0.32479
11.429,-1.46735,0.15385,-0.24664
11.4391,-1.46506,0.27106,-0.21245
11.4492,-1.46086,0.37363,-0.26129
11.4593,-1.4601,0.09524,-0.10501
11.4694,-1.45895,0.1685,-0.10989
11.4795,-1.45705,0.32967,-0.15873
11.4895,-1.45247,0.40293,-0.26129
11.4996,-1.45094,0.13919,-0.23687
11.5097,-1.44751,0.37363,-0.23687
11.5198,-1.44293,0.38828,-0.31013
11.5299,-1.44102,0.15385,-0.25153
11.54,-1.43835,0.31502,-0.23199
11.5501,-1.4353,0.27106,-0.22711
11.5602,-1.43454,0.08059,-0.17338
11.5702,-1.43416,0.03663,-0.10501
11.5803,-1.43111,0.32967,-0.14896
11.5904,-1.42805,0.27106,-0.22222
11.6005,-1.42653,0.13919,-0.18315
11.6106,-1.42538,0.13919,-0.13919
11.6206,-1.42157,0.38828,-0.21734
11.6307,-1.41775,0.32967,-0.27595
11.6408,-1.41585,0.1978,-0.23687
11.6509,-1.41585,0.02198,-0.12943
11.661,-1.41585,0.00733,-0.06593
11.671,-1.41546,-0.02198,-0.04151
11.6811,-1.41546,0.00733,-0.02686
11.6912,-1.41585,-0.02198,-0.01709
11.7013,-1.41585,-0.00733,-0.00733
11.7114,-1.41585,-0.00733,-0.00733
11.7214,-1.41585,-0.00733,-0.00733
11.7315,-1.41623,-0.00733,-0.00733
11.7416,-1.41623,-0.00733,-0.00733
11.7517,-1.41623,-0.00733,-0.00733
11.7617,-1.41623,-0.02198,-0.01221
11.7718,-1.41623,-0.02198,-0.01221
11.7819,-1.41623,0.00733,-0.01221
11.792,-1.41623,-0.00733,-0.01221
11.8021,-1.41623,-0.00733,-0.01709
11.8121,-1.41623,-0.03663,-0.01221
11.8222,-1.41623,-0.00733,-0.01221
11.8323,-1.41623,-0.00733,-0.01221
11.8424,-1.41623,-0.00733,-0.01221
11.8525,-1.41623,-0.00733,-0.01709
11.8626,-1.41623,-0.00733,-0.01709
11.8727,-1.41623,-0.00733,-0.01221
11.8827,-1.41623,0.00733,-0.01221
11.8928,-1.41623,-0.00733,-0.01709
11.9029,-1.41623,-0.00733,-0.01709
11.913,-1.41623,0.00733,-0.01221
11.9231,-1.41623,-0.02198,-0.01221
11.9332,-1.41623,-0.00733,-0.01709
11.9433,-1.41623,-0.00733,-0.01709
11.9534,-1.41623,-0.00733,-0.01221
11.9635,-1.41623,-0.02198,-0.01221
11.9735,-1.41623,-0.00733,-0.01221
11.9836,-1.41623,-0.02198,-0.01709
11.9937,-1.41623,0.00733,-0.01221
12.0038,-1.41623,-0.02198,-0.01221
12.0139,-1.41623,-0.00733,-0.01221
12.024,-1.41623,-0.02198,-0.01221
12.034,-1.41623,-0.00733,-0.01709
12.0441,-1.41623,-0.00733,-0.01221
12.0542,-1.41623,-0.00733,-0.01221
12.0643,-1.41623,-0.00733,-0.01709
12.0744,-1.41623,-0.00733,-0.01221
12.0845,-1.41623,-0.00733,-0.01221
12.0945,-1.41623,0.00733,-0.01709
12.1046,-1.41623,-0.00733,-0.01709
12.1147,-1.41623,-0.00733,-0.01221
12.1248,-1.41623,-0.02198,-0.01709
12.1349,-1.41623,0.00733,-0.01221
12.145,-1.41623,-0.00733,-0.01709
12.155,-1.41623,-0.00733,-0.01221
12.1651,-1.41623,-0.00733,-0.01221
12.1752,-1.41623,-0.02198,-0.01221
12.1852,-1.41623,0.00733,-0.01221
12.1953,-1.41623,-0.02198,-0.01709
12.2054,-1.41623,-0.00733,-0.01221
12.2155,-1.41623,-0.00733,-0.01221
12.2256,-1.41623,-0.00733,-0.01221
12.2357,-1.41623,-0.00733,-0.01221
12.2457,-1.41623,-0.00733,-0.01221
12.2558,-1.41623,-0.00733,-0.01221
12.2659,-1.41623,-0.00733,-0.01221
12.276,-1.41623,-0.03663,-0.01709
12.2861,-1.41623,0.02198,-0.01709
12.2962,-1.41623,-0.02198,-0.01221
12.3063,-1.41623,-0.00733,-0.01221
12.3164,-1.41623,-0.00733,-0.01221
12.3264,-1.41623,0.00733,-0.01709
12.3365,-1.41623,0.00733,-0.01709
12.3466,-1.41623,-0.00733,-0.01709
12.3567,-1.41623,-0.00733,-0.01709
12.3668,-1.41623,-0.02198,-0.01221
12.3769,-1.41623,0.00733,-0.01221
12.387,-1.41623,-0.00733,-0.01221
12.3971,-1.41623,-0.00733,-0.01221
12.4071,-1.41623,0.00733,-0.01221
12.4172,-1.41623,0.00733,-0.01221
12.4273,-1.41623,-0.00733,-0.01709
12.4374,-1.41623,-0.00733,-0.01221
12.4475,-1.41623,-0.02198,-0.01221
12.4576,-1.41623,-0.00733,-0.01221
12.4677,-1.41623,0.00733,-0.01221
12.4777,-1.41623,-0.00733,-0.01221
12.4878,-1.41623,-0.00733,-0.01221
12.4979,-1.41623,-0.02198,-0.01709
12.508,-1.41623,-0.02198,-0.01221
12.5181,-1.41623,-0.02198,-0.01221
12.5282,-1.41623,0.00733,-0.01221
12.5382,-1.41623,-0.02198,-0.01221
12.5483,-1.41623,-0.00733,-0.01221
12.5584,-1.41623,-0.00733,-0.01221
12.5685,-1.41623,0.00733,-0.01709
12.5786,-1.41623,-0.02198,-0.01709
12.5886,-1.41623,-0.00733,-0.01709
12.5987,-1.41623,-0.00733,-0.01709
12.6088,-1.41623,-0.00733,-0.01709
12.6189,-1.41623,-0.00733,-0.01709
12.6289,-1.41623,0.00733,-0.01709
12.639,-1.41623,-0.00733,-0.01709
12.6491,-1.41623,-0.03663,-0.01709
12.6592,-1.41623,-0.00733,-0.01709
12.6693,-1.41585,-0.00733,-0.01709
12.6793,-1.41585,-0.00733,-0.01709
12.6894,-1.41585,-0.00733,-0.01221
12.6995,-1.41585,0.02198,-0.01221
12.7096,-1.41585,0.00733,-0.01221
12.7196,-1.41585,0.00733,-0.01709
12.7297,-1.41585,-0.00733,-0.01709
12.7398,-1.41546,-0.00733,-0.01709
12.7499,-1.41546,0.00733,-0.02198
12.7599,-1.41508,0.03663,-0.02686
12.77,-1.41318,0.1978,-0.0757
12.7801,-1.41089,0.13919,-0.13431
12.7902,-1.41127,0.02198,-0.10501
12.8003,-1.40974,0.15385,-0.08547
12.8103,-1.4086,0.05128,-0.09035
12.8204,-1.4086,0.02198,-0.07082
12.8305,-1.4086,-0.02198,-0.04151
12.8406,-1.4086,0.00733,-0.02686
12.8506,-1.40822,0.00733,-0.02198
12.8607,-1.40822,0.02198,-0.02686
12.8708,-1.40784,0.02198,-0.02686
12.8809,-1.40745,0.05128,-0.03663
12.8909,-1.40517,0.25641,-0.09035
12.901,-1.40173,0.31502,-0.21245
12.9111,-1.40059,0.06593,-0.18315
12.9211,-1.40021,0.08059,-0.11477
12.9312,-1.39563,0.43223,-0.18803
12.9413,-1.39029,0.44689,-0.34921
12.9514,-1.38838,0.22711,-0.30037
12.9614,-1.38495,0.32967,-0.25641
12.9715,-1.3838,0.10989,-0.1978
12.9816,-1.38228,0.13919,-0.14408
12.9917,-1.3819,0.03663,-0.10012
13.0017,-1.38113,0.06593,-0.08059
13.0118,-1.37694,0.35897,-0.17827
13.0219,-1.37388,0.30037,-0.25641
13.032,-1.37045,0.35897,-0.28083
13.0421,-1.36511,0.5641,-0.34921
13.0522,-1.3613,0.34432,-0.36386
13.0623,-1.35863,0.25641,-0.28571
13.0723,-1.35595,0.25641,-0.23687
13.0824,-1.35557,0.03663,-0.15385
13.0925,-1.35367,0.21245,-0.13919
13.1026,-1.34833,0.49084,-0.27595
13.1127,-1.34489,0.37363,-0.33455
13.1228,-1.33955,0.52015,-0.37851
13.1328,-1.33612,0.34432,-0.35409
13.1429,-1.3323,0.32967,-0.31502
13.153,-1.33001,0.24176,-0.25153
13.1631,-1.32811,0.1978,-0.20757
13.1732,-1.32429,0.35897,-0.25153
13.1833,-1.31971,0.40293,-0.32479
13.1933,-1.31552,0.43223,-0.35897
13.2034,-1.31094,0.41758,-0.36386
13.2135,-1.30789,0.34432,-0.3199
13.2236,-1.30407,0.37363,-0.30525
13.2337,-1.30255,0.13919,-0.22711
13.2438,-1.29988,0.31502,-0.21734
13.2538,-1.29416,0.47619,-0.32479
13.2639,-1.29034,0.38828,-0.36386
13.274,-1.28576,0.41758,-0.35897
13.2841,-1.28157,0.41758,-0.35897
13.2942,-1.27852,0.31502,-0.3199
13.3042,-1.27623,0.22711,-0.24664
13.3143,-1.27241,0.35897,-0.27106
13.3244,-1.2686,0.34432,-0.2906
13.3345,-1.26478,0.37363,-0.32967
13.3445,-1.25944,0.49084,-0.37363
13.3546,-1.25563,0.35897,-0.36874
13.3647,-1.25219,0.32967,-0.32479
13.3748,-1.25067,0.10989,-0.21245
13.3848,-1.25029,0.08059,-0.12943
13.3949,-1.24571,0.41758,-0.1978
13.405,-1.24189,0.34432,-0.30525
13.4151,-1.23808,0.37363,-0.32479
13.4251,-1.23274,0.50549,-0.37851
13.4352,-1.22816,0.44689,-0.39805
13.4453,-1.22663,0.18315,-0.28571
13.4553,-1.22396,0.24176,-0.22222
13.4654,-1.22015,0.34432,-0.27106
13.4755,-1.21633,0.38828,-0.2906
13.4856,-1.21252,0.43223,-0.34432
13.4957,-1.20718,0.52015,-0.38828
13.5058,-1.20451,0.24176,-0.33455
13.5158,-1.20146,0.30037,-0.26618
13.5259,-1.19879,0.25641,-0.24176
13.536,-1.19841,0.00733,-0.14408
13.5461,-1.19726,0.13919,-0.10989
13.5561,-1.1923,0.47619,-0.23687
13.5662,-1.18811,0.37363,-0.33944
13.5763,-1.18315,0.50549,-0.38828
13.5864,-1.17933,0.35897,-0.34921
13.5965,-1.17552,0.38828,-0.32479
13.6066,-1.17323,0.25641,-0.26129
13.6166,-1.17094,0.22711,-0.21734
13.6267,-1.16674,0.37363,-0.27106
13.6368,-1.16217,0.44689,-0.34921
13.6469,-1.15759,0.46154,-0.37363
13.657,-1.15339,0.40293,-0.36386
13.6671,-1.15072,0.28571,-0.30525
13.6772,-1.14729,0.32967,-0.27595
13.6872,-1.14576,0.10989,-0.20757
13.6973,-1.14424,0.22711,-0.17338
13.7074,-1.13851,0.5348,-0.29548
13.7175,-1.1347,0.38828,-0.34921
13.7276,-1.13012,0.43223,-0.36386
13.7377,-1.12631,0.38828,-0.34432
13.7478,-1.12211,0.37363,-0.33455
13.7578,-1.11982,0.24176,-0.27106
13.7679,-1.11639,0.32967,-0.26129
13.778,-1.11219,0.40293,-0.29548
13.7881,-1.108,0.44689,-0.34921
13.7982,-1.10266,0.50549,-0.38339
13.8083,-1.09846,0.38828,-0.38339
13.8183,-1.09503,0.34432,-0.33455
13.8284,-1.09426,0.05128,-0.21245
13.8385,-1.0935,0.08059,-0.12454
13.8486,-1.08968,0.37363,-0.18315
13.8587,-1.08549,0.37363,-0.2906
13.8687,-1.0832,0.30037,-0.27595
13.8788,-1.07786,0.54945,-0.33944
13.8889,-1.07366,0.38828,-0.35897
13.899,-1.07137,0.22711,-0.2906
13.9091,-1.07099,0.05128,-0.15873
13.9191,-1.0687,0.1978,-0.13431
13.9292,-1.06832,0.02198,-0.11477
13.9393,-1.06794,0.03663,-0.06593
13.9493,-1.06832,-0.02198,-0.03663
13.9594,-1.06832,-0.00733,-0.01709
13.9695,-1.06832,-0.00733,-0.00733
13.9796,-1.0687,-0.02198,-0.00733
13.9896,-1.0687,-0.02198,-0.00244
13.9997,-1.0687,-0.00733,-0.00733
14.0098,-1.0687,-0.00733,-0.00244
14.0199,-1.0687,-0.00733,-0.00244
14.0299,-1.06909,-0.03663,-0.00244
14.04,-1.06909,-0.02198,-0.00244
14.0501,-1.06909,-0.02198,-0.00733
14.0602,-1.06909,-0.02198,-0.00733
14.0702,-1.06909,-0.00733,-0.00733
14.0803,-1.06947,-0.00733,-0.00733
14.0904,-1.06947,-0.00733,-0.00733
14.1005,-1.06947,-0.00733,-0.00733
14.1105,-1.06947,-0.00733,-0.00733
14.1206,-1.06947,-0.00733,-0.00733
14.1307,-1.06947,0.00733,-0.00733
14.1408,-1.06947,0.00733,-0.00733
14.1508,-1.06947,-0.00733,-0.01221
14.1609,-1.06947,-0.00733,-0.00733
14.171,-1.06947,-0.00733,-0.01221
14.1811,-1.06947,0.00733,-0.01221
14.1911,-1.06947,0.00733,-0.01221
14.2012,-1.06947,0.00733,-0.00733
14.2113,-1.06947,0.00733,-0.00733
14.2214,-1.06985,-0.02198,-0.01221
14.2314,-1.06947,-0.02198,-0.00733
14.2415,-1.06947,-0.00733,-0.01221
14.2516,-1.06947,0.00733,-0.01221
14.2617,-1.06947,-0.00733,-0.01221
14.2717,-1.06947,0.00733,-0.01221
14.2818,-1.06947,0.00733,-0.00733
14.2919,-1.06947,-0.00733,-0.01221
14.302,-1.06985,0.00733,-0.00733
14.3121,-1.06947,-0.02198,-0.01221
14.3222,-1.06985,-0.02198,-0.01709
14.3323,-1.06947,-0.00733,-0.01221
14.3423,-1.06947,0.00733,-0.01709
14.3524,-1.06947,-0.02198,-0.01221
14.3625,-1.06947,-0.00733,-0.01221
14.3726,-1.06947,-0.00733,-0.01221
14.3827,-1.06947,-0.00733,-0.00733
14.3927,-1.06947,-0.00733,-0.00733
14.4028,-1.06947,0.00733,-0.01221
14.4129,-1.06947,-0.00733,-0.00733
14.423,-1.06947,-0.00733,-0.00733
14.4331,-1.06985,-0.02198,-0.01221
14.4432,-1.06947,-0.00733,-0.00733
14.4533,-1.06985,-0.02198,-0.01221
14.4633,-1.06947,-0.00733,-0.01221
14.4734,-1.06947,0.00733,-0.01221
14.4835,-1.06985,-0.02198,-0.01221
14.4936,-1.06985,-0.00733,-0.01221
14.5036,-1.06985,-0.02198,-0.01221
14.5137,-1.06985,-0.00733,-0.01709
14.5238,-1.06947,-0.02198,-0.01709
14.5339,-1.06985,-0.03663,-0.01709
14.5439,-1.06947,-0.00733,-0.01221
14.554,-1.06947,-0.00733,-0.01221
14.5641,-1.06985,-0.00733,-0.01221
14.5742,-1.06985,-0.00733,-0.00733
14.5843,-1.06985,-0.00733,-0.01221
14.5943,-1.06985,-0.00733,-0.01709
14.6044,-1.06985,-0.00733,-0.01221
14.6145,-1.06985,-0.00733,-0.01709
14.6246,-1.06985,-0.00733,-0.01709
14.6346,-1.06947,-0.00733,-0.01709
14.6447,-1.06947,-0.00733,-0.01709
14.6548,-1.06985,-0.00733,-0.01221
14.6649,-1.06985,-0.00733,-0.01221
14.6749,-1.06985,-0.00733,-0.01221
14.685,-1.06985,-0.02198,-0.01709
14.6951,-1.06985,-0.00733,-0.01709
14.7052,-1.06947,0.00733,-0.01221
14.7152,-1.06947,0.00733,-0.01221
14.7253,-1.06985,-0.00733,-0.01221
14.7354,-1.06947,-0.00733,-0.00733
14.7455,-1.06985,-0.00733,-0.01221
14.7555,-1.06985,-0.00733,-0.01221
14.7656,-1.06985,0.00733,-0.01221
14.7757,-1.06947,-0.00733,-0.01221
14.7858,-1.06985,-0.02198,-0.01709
14.7959,-1.06947,-0.00733,-0.01221
14.8059,-1.06985,-0.00733,-0.01221
14.816,-1.06985,-0.00733,-0.00733
14.8261,-1.06985,-0.00733,-0.01221
14.8362,-1.06985,0.00733,-0.01709
14.8463,-1.06947,0.00733,-0.01709
14.8563,-1.06947,-0.00733,-0.01709
14.8664,-1.06985,-0.00733,-0.01221
14.8765,-1.06985,-0.02198,-0.00733
14.8866,-1.06985,0.00733,-0.01221
14.8966,-1.06985,0.00733,-0.01709
14.9067,-1.06985,0.00733,-0.01221
14.9168,-1.06947,-0.00733,-0.01709
14.9269,-1.06947,-0.00733,-0.01221
14.937,-1.06985,-0.02198,-0.01221
14.947,-1.06985,-0.00733,-0.01221
14.9571,-1.06947,0.00733,-0.01221
14.9672,-1.06947,0.00733,-0.01709
14.9773,-1.06985,-0.00733,-0.01221
14.9874,-1.06985,-0.02198,-0.01221
14.9975,-1.06985,0.00733,-0.01221
15.0075,-1.06985,-0.00733,-0.01709
15.0176,-1.06985,-0.00733,-0.01709
15.0277,-1.06985,0.00733,-0.01709
15.0378,-1.06985,-0.00733,-0.01709
15.0479,-1.06985,-0.00733,-0.01221
15.058,-1.06985,-0.00733,-0.01709
15.068,-1.06947,0.00733,-0.01709
15.0781,-1.06985,-0.00733,-0.01709
15.0882,-1.06985,-0.00733,-0.01221
15.0983,-1.06985,-0.02198,-0.01221
15.1083,-1.06985,-0.00733,-0.01221
15.1184,-1.06985,-0.00733,-0.01221
15.1285,-1.06985,-0.00733,-0.01221
15.1385,-1.06985,0.00733,-0.01709
15.1486,-1.06985,-0.00733,-0.01709
15.1587,-1.06985,-0.00733,-0.01221
15.1688,-1.06947,0.00733,-0.01221
15.1788,-1.06985,-0.02198,-0.01221
15.1889,-1.06985,0.00733,-0.00733
15.199,-1.06985,-0.00733,-0.00733
15.2091,-1.06985,0.00733,-0.01221
15.2191,-1.06985,0.00733,-0.01221
15.2292,-1.06985,-0.02198,-0.01221
15.2393,-1.06985,-0.00733,-0.01709
15.2494,-1.06985,-0.02198,-0.01709
15.2594,-1.06985,0.00733,-0.01709
15.2695,-1.06985,-0.00733,-0.01709
15.2796,-1.06947,-0.00733,-0.01709
15.2897,-1.06947,0.00733,-0.01709
15.2998,-1.06947,-0.00733,-0.01709
15.3098,-1.06947,-0.00733,-0.01221
15.3199,-1.06947,0.00733,-0.01221
15.33,-1.06947,-0.00733,-0.01709
15.3401,-1.06947,0.00733,-0.01709
15.3501,-1.06947,-0.00733,-0.01709
15.3602,-1.06909,0.00733,-0.01709
15.3703,-1.06909,-0.00733,-0.02198
15.3804,-1.06909,0.00733,-0.01709
15.3904,-1.06909,-0.00733,-0.01709
15.4005,-1.06909,-0.00733,-0.01709
15.4106,-1.06909,0.00733,-0.01709
15.4207,-1.0687,0.00733,-0.02198
15.4307,-1.0687,-0.02198,-0.01709
15.4408,-1.0687,0.00733,-0.01709
15.4509,-1.0687,-0.00733,-0.01709
15.461,-1.0687,0.00733,-0.01709
15.471,-1.06832,0.00733,-0.01709
15.4811,-1.06832,0.00733,-0.02198
15.4912,-1.06832,0.00733,-0.02198
15.5013,-1.06794,0.02198,-0.02198
15.5114,-1.06756,0.02198,-0.03175
15.5215,-1.06603,0.18315,-0.07082
15.5316,-1.0626,0.28571,-0.17827
15.5416,-1.06031,0.1978,-0.21245
15.5517,-1.05802,0.22711,-0.20757
15.5618,-1.05268,0.52015,-0.31502
15.5719,-1.0481,0.38828,-0.36874
15.582,-1.04582,0.28571,-0.30037
15.592,-1.04276,0.28571,-0.25641
15.6021,-1.04162,0.10989,-0.19292
15.6122,-1.03704,0.40293,-0.1978
15.6223,-1.03628,0.41758,-0.21245
15.6324,-1.0317,0.47619,-0.30037
15.6425,-1.02636,0.50549,-0.40293
15.6525,-1.02293,0.34432,-0.33944
15.6626,-1.01949,0.38828,-0.31502
15.6727,-1.01644,0.28571,-0.27595
15.6828,-1.01492,0.12454,-0.1978
15.6929,-1.01225,0.32967,-0.21245
15.703,-1.0069,0.47619,-0.30037
15.713,-1.00233,0.46154,-0.38339
15.7231,-0.99775,0.44689,-0.37851
15.7332,-0.99432,0.34432,-0.34432
15.7433,-0.99012,0.40293,-0.32479
15.7533,-0.98859,0.13919,-0.24664
15.7634,-0.98516,0.38828,-0.24664
15.7735,-0.97982,0.43223,-0.33944
15.7836,-0.97601,0.40293,-0.36386
15.7936,-0.97219,0.37363,-0.33944
15.8037,-0.96799,0.40293,-0.33944
15.8138,-0.96456,0.27106,-0.31502
15.8239,-0.96265,0.21245,-0.23687
15.834,-0.95884,0.35897,-0.25153
15.844,-0.95502,0.38828,-0.2906
15.8541,-0.95083,0.43223,-0.33944
15.8642,-0.94549,0.5348,-0.38828
15.8743,-0.94091,0.44689,-0.40293
15.8843,-0.93709,0.35897,-0.34921
15.8944,-0.93595,0.10989,-0.22222
15.9045,-0.9329,0.37363,-0.22222
15.9146,-0.92679,0.52015,-0.35409
15.9247,-0.92184,0.52015,-0.43712
15.9348,-0.91726,0.46154,-0.40293
15.9448,-0.91306,0.37363,-0.36386
15.9549,-0.91077,0.22711,-0.27595
15.965,-0.90887,0.1978,-0.21245
15.9751,-0.90391,0.44689,-0.28083
15.9851,-0.89895,0.50549,-0.38339
15.9952,-0.89322,0.54945,-0.42247
16.0053,-0.88903,0.40293,-0.40781
16.0154,-0.88598,0.31502,-0.33455
16.0254,-0.88369,0.1685,-0.23687
16.0355,-0.88064,0.37363,-0.24176
16.0456,-0.87491,0.52015,-0.35409
16.0557,-0.86881,0.60806,-0.46154
16.0657,-0.865,0.37363,-0.40293
16.0758,-0.8608,0.37363,-0.35409
16.0859,-0.85813,0.25641,-0.28083
16.096,-0.85622,0.25641,-0.22711
16.1061,-0.85088,0.50549,-0.31013
16.1162,-0.84554,0.49084,-0.40781
16.1263,-0.84134,0.41758,-0.40293
16.1364,-0.83753,0.31502,-0.35409
16.1465,-0.83333,0.38828,-0.33455
16.1565,-0.83104,0.1685,-0.27106
16.1666,-0.82799,0.35897,-0.25153
16.1767,-0.82227,0.52015,-0.34921
16.1868,-0.81693,0.5348,-0.43223
16.1969,-0.81273,0.44689,-0.39316
16.2069,-0.80816,0.43223,-0.37851
16.217,-0.8051,0.30037,-0.31013
16.2271,-0.80205,0.32967,-0.28083
16.2372,-0.79824,0.38828,-0.28571
16.2472,-0.79404,0.43223,-0.34432
16.2573,-0.7887,0.52015,-0.38828
16.2674,-0.7845,0.38828,-0.39316
16.2775,-0.78069,0.40293,-0.35409
16.2875,-0.77916,0.10989,-0.24176
16.2976,-0.77687,0.27106,-0.20269
16.3077,-0.77115,0.52015,-0.31502
16.3178,-0.76658,0.49084,-0.38828
16.3278,-0.76123,0.47619,-0.40781
16.3379,-0.75666,0.47619,-0.40293
16.348,-0.75437,0.24176,-0.30037
16.3581,-0.75246,0.18315,-0.21245
16.3681,-0.74826,0.38828,-0.26129
16.3782,-0.74369,0.43223,-0.34432
16.3883,-0.73911,0.46154,-0.38339
16.3984,-0.73377,0.46154,-0.40293
16.4085,-0.73072,0.32967,-0.33944
16.4185,-0.72766,0.28571,-0.27595
16.4286,-0.72652,0.09524,-0.18803
16.4387,-0.72385,0.32967,-0.18803
16.4488,-0.71851,0.46154,-0.30525
16.4588,-0.71393,0.44689,-0.37851
16.4689,-0.70974,0.43223,-0.37363
16.479,-0.70592,0.34432,-0.33944
16.4919,-0.70325,0.24176,-0.28083
16.5019,-0.70096,0.13919,-0.20269
16.512,-0.69867,0.24176,-0.20269
16.5221,-0.69486,0.31502,-0.24664
16.5322,-0.69219,0.28571,-0.26618
16.5423,-0.68914,0.27106,-0.25641
16.5524,-0.6857,0.30037,-0.25153
16.5626,-0.68456,0.1685,-0.20757
16.5727,-0.68265,0.13919,-0.15385
16.5828,-0.68265,0.02198,-0.09524
16.5928,-0.68265,0.00733,-0.05617
16.6029,-0.68265,-0.00733,-0.03175
16.613,-0.68265,-0.02198,-0.01709
16.6231,-0.68265,-0.00733,-0.01709
16.6332,-0.68265,-0.02198,-0.01221
16.6433,-0.68265,-0.00733,-0.00733
16.6534,-0.68265,-0.00733,-0.00244
16.6635,-0.68303,-0.02198,-0.00244
16.6735,-0.68303,-0.02198,-0.00244
16.6836,-0.68303,-0.03663,-0.00244
16.6937,-0.68303,-0.02198,-0.00733
16.7038,-0.68303,-0.00733,-0.00733
16.7139,-0.68341,0.00733,-0.00733
16.724,-0.68341,-0.02198,-0.00733
16.7341,-0.68341,-0.00733,-0.01221
16.7441,-0.68341,-0.00733,-0.01221
16.7542,-0.68341,0.00733,-0.01709
16.7643,-0.68341,-0.02198,-0.01709
16.7744,-0.68341,-0.00733,-0.01709
16.7845,-0.68341,-0.00733,-0.01709
16.7945,-0.68341,-0.00733,-0.01709
16.8046,-0.68341,-0.00733,-0.01709
16.8147,-0.68341,-0.00733,-0.01221
16.8248,-0.68341,-0.00733,-0.01221
16.8349,-0.68341,-0.00733,-0.01221
16.845,-0.68341,-0.02198,-0.01709
16.855,-0.68341,0.00733,-0.01221
16.8651,-0.68341,-0.00733,-0.01221
16.8752,-0.68341,-0.00733,-0.01221
16.8853,-0.68341,-0.02198,-0.01221
16.8954,-0.68341,-0.00733,-0.01221
16.9054,-0.68341,0.00733,-0.01221
16.9155,-0.68341,-0.00733,-0.01709
16.9256,-0.68341,-0.00733,-0.01221
16.9357,-0.68341,-0.00733,-0.01221
16.9457,-0.68341,-0.00733,-0.01221
16.9558,-0.68341,-0.00733,-0.01221
16.9659,-0.68341,-0.00733,-0.01709
16.976,-0.68341,-0.00733,-0.01221
16.986,-0.68341,-0.02198,-0.01221
16.9961,-0.68341,0.00733,-0.01221
17.0062,-0.68341,-0.00733,-0.01709
17.0163,-0.68341,-0.03663,-0.01709
17.0263,-0.68341,-0.00733,-0.01709
17.0364,-0.68341,-0.02198,-0.01221
17.0465,-0.68341,0.00733,-0.01221
17.0566,-0.68341,-0.00733,-0.01709
17.0667,-0.68341,-0.00733,-0.01221
17.0767,-0.68341,0.00733,-0.01221
17.0868,-0.68341,0.00733,-0.01221
17.0969,-0.68341,-0.00733,-0.01221
17.107,-0.68341,-0.00733,-0.01221
17.117,-0.68341,0.00733,-0.01709
17.1271,-0.68341,-0.00733,-0.01221
17.1372,-0.68341,-0.00733,-0.01221
17.1473,-0.68341,0.00733,-0.01221
17.1573,-0.68341,-0.00733,-0.01221
17.1674,-0.68341,-0.02198,-0.01221
17.1775,-0.68341,-0.00733,-0.01709
17.1876,-0.68341,-0.03663,-0.01221
17.1977,-0.68341,-0.00733,-0.01709
17.2077,-0.68341,-0.00733,-0.01221
17.2178,-0.68341,-0.00733,-0.01709
17.2279,-0.68341,-0.00733,-0.01221
17.238,-0.68341,-0.00733,-0.01221
17.2481,-0.68341,-0.00733,-0.01221
17.2582,-0.68341,-0.00733,-0.01709
17.2683,-0.68341,-0.00733,-0.01221
17.2783,-0.68341,-0.02198,-0.01709
17.2884,-0.68341,-0.02198,-0.01221
17.2985,-0.68341,0.00733,-0.01221
17.3086,-0.68341,-0.00733,-0.01709
17.3186,-0.68341,-0.02198,-0.01221
17.3287,-0.68341,-0.02198,-0.01221
17.3388,-0.68341,0.00733,-0.01221
17.3489,-0.68341,-0.00733,-0.01221
17.3589,-0.68341,-0.00733,-0.01221
17.369,-0.68341,-0.00733,-0.01221
17.3791,-0.68341,-0.00733,-0.01709
17.3892,-0.68341,-0.00733,-0.01221
17.3992,-0.68341,-0.00733,-0.01221
17.4093,-0.68341,-0.00733,-0.01221
17.4194,-0.68341,-0.02198,-0.01221
17.4295,-0.68341,-0.00733,-0.01221
17.4395,-0.68341,-0.00733,-0.01221
17.4496,-0.68341,-0.00733,-0.01221
17.4597,-0.68341,-0.00733,-0.01221
17.4698,-0.68341,-0.00733,-0.01709
17.4799,-0.68341,-0.00733,-0.01709
17.4899,-0.68341,-0.02198,-0.01221
17.5,-0.68341,-0.02198,-0.01221
17.5101,-0.68341,-0.02198,-0.01709
17.5202,-0.68341,-0.00733,-0.01709
17.5302,-0.68341,-0.00733,-0.01709
17.5403,-0.68341,-0.00733,-0.01709
17.5504,-0.68341,-0.00733,-0.01709
17.5605,-0.68341,0.00733,-0.01221
17.5705,-0.68341,-0.00733,-0.01221
17.5808,-0.68341,-0.02198,-0.01221
17.5909,-0.68341,0.00733,-0.01221
17.6009,-0.68341,-0.00733,-0.01221
17.611,-0.68341,-0.00733,-0.01221
17.6211,-0.68341,-0.02198,-0.01709
17.6312,-0.68341,-0.00733,-0.01221
17.6413,-0.68341,0.00733,-0.01221
17.6514,-0.68341,-0.02198,-0.01709
17.6615,-0.68341,-0.02198,-0.01709
17.6715,-0.68341,0.00733,-0.01221
17.6816,-0.68341,-0.00733,-0.01221
17.6917,-0.68341,-0.00733,-0.01221
17.7018,-0.68341,-0.02198,-0.01709
17.7119,-0.68341,-0.02198,-0.01221
17.722,-0.68341,0.00733,-0.01221
17.732,-0.68341,-0.00733,-0.01221
17.7421,-0.68341,-0.02198,-0.01221
17.7522,-0.68341,0.00733,-0.01221
17.7623,-0.68341,-0.00733,-0.01221
17.7724,-0.68341,-0.00733,-0.01221
17.7824,-0.68341,-0.02198,-0.01221
17.7925,-0.68341,-0.00733,-0.01221
17.8026,-0.68341,-0.00733,-0.01709
17.8127,-0.68341,-0.00733,-0.01709
17.8227,-0.68341,-0.00733,-0.01221
17.8328,-0.68341,-0.00733,-0.01221
17.8429,-0.68341,-0.00733,-0.01221
17.853,-0.68341,0.00733,-0.01221
17.863,-0.68341,-0.00733,-0.01221
17.8731,-0.68341,-0.02198,-0.01709
17.8832,-0.68341,0.00733,-0.01221
17.8933,-0.68341,-0.00733,-0.01221
17.9034,-0.68341,-0.00733,-0.01709
17.9135,-0.68341,-0.02198,-0.01709
17.9236,-0.68341,0.00733,-0.01221
17.9337,-0.68341,-0.00733,-0.01709
17.9438,-0.68341,-0.02198,-0.01709
17.9538,-0.68341,-0.00733,-0.01221
17.9639,-0.68341,-0.02198,-0.01221
17.974,-0.68341,0.00733,-0.01221
17.9841,-0.68341,-0.02198,-0.01221
17.9942,-0.68341,-0.00733,-0.01221
18.0042,-0.68341,-0.00733,-0.01221
18.0143,-0.68341,-0.00733,-0.01221
18.0244,-0.68341,-0.02198,-0.01221
18.0345,-0.68341,-0.00733,-0.01221
18.0446,-0.68341,-0.02198,-0.01221
18.0546,-0.68341,-0.00733,-0.01221
18.0647,-0.68341,-0.00733,-0.01221
18.0748,-0.68341,-0.00733,-0.01221
18.0849,-0.68341,-0.00733,-0.01709
18.095,-0.68341,-0.00733,-0.01709
18.105,-0.68341,-0.00733,-0.01709
18.1151,-0.68341,0.00733,-0.01709
18.1252,-0.68341,-0.02198,-0.01221
18.1353,-0.68341,-0.00733,-0.01221
18.1454,-0.68341,-0.02198,-0.01221
18.1555,-0.68341,0.00733,-0.01221
18.1656,-0.68341,-0.00733,-0.01709
18.1757,-0.68341,0.00733,-0.01221
18.1857,-0.68341,-0.00733,-0.01709
18.1958,-0.68341,0.00733,-0.01221
18.2059,-0.68341,-0.00733,-0.01221
18.216,-0.68341,0.00733,-0.01221
18.2261,-0.68341,-0.00733,-0.01709
18.2362,-0.68341,-0.00733,-0.01221
18.2462,-0.68341,-0.00733,-0.01221
18.2563,-0.68341,-0.02198,-0.01221
18.2664,-0.68341,-0.00733,-0.01221
18.2765,-0.68341,-0.00733,-0.01221
18.2866,-0.68341,-0.00733,-0.01709
18.2966,-0.68341,0.00733,-0.01709
18.3067,-0.68341,0.00733,-0.01709
18.3168,-0.68341,0.00733,-0.01221
18.3269,-0.68341,-0.00733,-0.01221
18.3369,-0.68341,-0.00733,-0.01221
18.347,-0.68341,-0.02198,-0.01709
18.3571,-0.68341,0.00733,-0.01221
18.3672,-0.68341,-0.00733,-0.01221
18.3773,-0.68341,0.00733,-0.01709
18.3874,-0.68341,-0.02198,-0.01709
18.3974,-0.68341,-0.00733,-0.01221
18.4075,-0.68341,-0.02198,-0.01709
18.4176,-0.68341,-0.00733,-0.01221
18.4277,-0.68341,0.00733,-0.01221
18.4377,-0.68341,-0.02198,-0.01221
18.4478,-0.68341,-0.00733,-0.01221
18.4579,-0.68341,-0.00733,-0.01221
18.468,-0.68341,-0.00733,-0.01221
18.4781,-0.68341,-0.00733,-0.01221
18.4882,-0.68341,-0.00733,-0.01709
18.4983,-0.68341,-0.02198,-0.01221
18.5083,-0.68341,0.00733,-0.01221
18.5184,-0.68341,-0.00733,-0.01709
18.5285,-0.68341,-0.00733,-0.01221
18.5386,-0.68341,-0.00733,-0.01221
18.5487,-0.68341,-0.00733,-0.01221
18.5587,-0.68341,0.02198,-0.01221
18.5688,-0.68341,-0.00733,-0.01709
18.5789,-0.68341,-0.00733,-0.01221
18.589,-0.68341,0.00733,-0.01709
18.5991,-0.68341,-0.02198,-0.01709
18.6091,-0.68341,-0.00733,-0.01221
18.6192,-0.68341,-0.03663,-0.01221
18.6293,-0.68341,-0.00733,-0.01221
18.6394,-0.68341,-0.00733,-0.01221
18.6495,-0.68341,-0.02198,-0.01221
18.6595,-0.68341,-0.00733,-0.01221
18.6696,-0.68341,-0.02198,-0.01221
18.6797,-0.68341,-0.00733,-0.01709
18.6898,-0.68341,-0.00733,-0.01221
18.6999,-0.68341,0.00733,-0.01221
18.7099,-0.68341,-0.00733,-0.01709
18.72,-0.68341,-0.02198,-0.01709
18.7301,-0.68341,-0.00733,-0.01709
18.7402,-0.68341,-0.00733,-0.01221
18.7503,-0.68341,-0.00733,-0.01221
18.7603,-0.68341,-0.00733,-0.01221
18.7704,-0.68341,-0.00733,-0.01221
18.7805,-0.68341,-0.00733,-0.01709
18.7906,-0.68341,0.00733,-0.01221
18.8007,-0.68341,-0.00733,-0.01221
18.8108,-0.68341,-0.02198,-0.01221
18.8208,-0.68341,-0.02198,-0.01221
18.8309,-0.68341,-0.00733,-0.01221
18.841,-0.68341,0.00733,-0.01221
18.8511,-0.68341,-0.00733,-0.01221
18.8612,-0.68341,-0.02198,-0.01221
18.8713,-0.68341,-0.00733,-0.01709
18.8813,-0.68341,0.00733,-0.01221
18.8914,-0.68341,-0.00733,-0.01221
18.9015,-0.68341,0.00733,-0.01221
18.9116,-0.68341,-0.00733,-0.01221
18.9217,-0.68341,-0.00733,-0.01709
18.9318,-0.68341,0.00733,-0.01709
18.9418,-0.68341,-0.00733,-0.01709
18.9519,-0.68341,-0.00733,-0.01221
18.962,-0.68341,-0.00733,-0.01709
18.9721,-0.68341,-0.00733,-0.01221
18.9822,-0.68341,-0.02198,-0.01709
18.9922,-0.68341,0.00733,-0.01221
19.0023,-0.68341,-0.00733,-0.01221
19.0124,-0.68341,-0.00733,-0.01709
19.0225,-0.68341,-0.00733,-0.01221
19.0325,-0.68341,-0.00733,-0.01221
19.0426,-0.68341,-0.00733,-0.01221
19.0527,-0.68341,-0.02198,-0.01221
19.0628,-0.68341,-0.00733,-0.01709
19.0729,-0.68341,-0.00733,-0.01221
19.0829,-0.68341,0.00733,-0.01221
19.093,-0.68341,-0.00733,-0.01221
19.1031,-0.68341,-0.00733,-0.01221
19.1132,-0.68341,0.00733,-0.01221
19.1233,-0.68341,-0.00733,-0.01221
19.1334,-0.68341,0.00733,-0.01221
19.1435,-0.68341,-0.00733,-0.01221
19.1536,-0.68341,0.00733,-0.01221
19.1636,-0.68341,-0.00733,-0.01221
19.1737,-0.68341,0.00733,-0.01221
19.1838,-0.68341,-0.02198,-0.01709
19.1939,-0.68341,-0.02198,-0.01221
19.204,-0.68341,-0.00733,-0.01221
19.2141,-0.68341,-0.02198,-0.01709
19.2241,-0.68341,-0.00733,-0.01221
19.2342,-0.68341,-0.00733,-0.01221
19.2443,-0.68341,-0.00733,-0.01221
19.2544,-0.68341,-0.00733,-0.01221
19.2645,-0.68341,-0.00733,-0.01221
19.2746,-0.68341,0.00733,-0.01709
19.2847,-0.68341,-0.02198,-0.01709
19.2947,-0.68341,0.00733,-0.01221
19.3048,-0.68341,-0.00733,-0.01709
19.3149,-0.68341,-0.02198,-0.01221
19.325,-0.68341,0.00733,-0.01221
19.3351,-0.68341,0.00733,-0.01221
19.3452,-0.68341,-0.02198,-0.01221
19.3552,-0.68341,-0.02198,-0.01221
19.3653,-0.68341,-0.02198,-0.01709
19.3754,-0.68341,-0.02198,-0.01221
19.3855,-0.68341,0.00733,-0.01221
19.3956,-0.68341,0.00733,-0.01221
19.4057,-0.68341,-0.00733,-0.01709
19.4158,-0.68341,-0.00733,-0.01709
19.4259,-0.68341,0.00733,-0.01221
19.436,-0.68341,-0.00733,-0.01709
19.4461,-0.68341,0.00733,-0.01221
19.4562,-0.68341,-0.00733,-0.01221
19.4662,-0.68341,-0.00733,-0.01221
19.4763,-0.68341,-0.00733,-0.01221
19.4864,-0.68341,-0.02198,-0.01709
19.4965,-0.68341,-0.02198,-0.01709
19.5066,-0.68341,0.00733,-0.01221
19.5166,-0.68341,-0.00733,-0.01221
19.5267,-0.68341,-0.00733,-0.01709
19.5368,-0.68341,-0.00733,-0.01221
19.547,-0.68341,-0.00733,-0.01709
19.557,-0.68341,0.00733,-0.01709
19.5672,-0.68341,-0.02198,-0.01709
19.5773,-0.68341,-0.00733,-0.01221
19.5874,-0.68341,-0.00733,-0.01221
19.5975,-0.68341,-0.00733,-0.01709
19.6076,-0.68341,-0.00733,-0.01221
19.6177,-0.68341,-0.02198,-0.01221
19.6278,-0.68341,-0.00733,-0.01221
19.6379,-0.68341,-0.00733,-0.01221
19.648,-0.68341,-0.00733,-0.01221
19.6581,-0.68341,-0.00733,-0.01709
19.6746,-0.68341,-0.00733,-0.01221
19.6848,-0.68341,-0.02198,-0.01221
19.6949,-0.68341,-0.00733,-0.01221
19.705,-0.68341,-0.00733,-0.01221
19.7151,-0.68341,0.02198,-0.01221
19.7253,-0.68341,-0.00733,-0.01221
19.7353,-0.68341,-0.00733,-0.01221
19.7454,-0.68341,-0.00733,-0.01221
19.7587,-0.68341,0.00733,-0.01221
19.7688,-0.68341,-0.00733,-0.01221
19.7789,-0.68341,-0.00733,-0.01221
19.789,-0.68303,0.00733,-0.01221
19.7991,-0.68341,-0.00733,-0.01221
19.8092,-0.68341,0.00733,-0.00733
19.8193,-0.68341,-0.00733,-0.01221
19.8304,-0.68341,-0.00733,-0.01221
19.8405,-0.68341,-0.00733,-0.01221
19.8506,-0.68341,-0.00733,-0.01709
19.8607,-0.68341,-0.02198,-0.01221
19.8708,-0.68341,0.00733,-0.01221
19.8811,-0.68341,-0.00733,-0.01221
19.8912,-0.68303,0.00733,-0.01221
19.9013,-0.68341,-0.02198,-0.01709
19.9114,-0.68341,0.00733,-0.00733
19.9215,-0.68341,0.00733,-0.01221
19.9316,-0.68341,-0.00733,-0.01709
19.9417,-0.68341,-0.02198,-0.01221
19.9518,-0.68341,-0.00733,-0.01221
19.9619,-0.68341,-0.00733,-0.01709
19.972,-0.68341,-0.00733,-0.01221
19.9821,-0.68341,-0.00733,-0.01221
19.9922,-0.68341,-0.00733,-0.01709
20.0023,-0.68341,-0.02198,-0.01221
20.0124,-0.68341,-0.00733,-0.01221
20.0226,-0.68341,0.00733,-0.01221
20.0327,-0.68341,-0.00733,-0.01221
20.0429,-0.68341,-0.00733,-0.01221
20.053,-0.68341,-0.02198,-0.01221
20.0631,-0.68341,-0.00733,-0.01221
20.0732,-0.68341,-0.00733,-0.01221
20.0833,-0.68341,-0.00733,-0.01221
20.0934,-0.68341,-0.00733,-0.01221
20.1035,-0.68341,0.00733,-0.01221
20.1136,-0.68341,0.00733,-0.01709
20.1237,-0.68341,-0.00733,-0.01221
20.1338,-0.68341,-0.00733,-0.01221
20.1439,-0.68341,-0.00733,-0.01221
20.154,-0.68341,-0.00733,-0.01221
20.1641,-0.68341,-0.00733,-0.01221
20.1742,-0.68341,-0.00733,-0.01221
20.1843,-0.68341,0.00733,-0.01221
20.1944,-0.68341,0.00733,-0.01221
20.2045,-0.68341,-0.00733,-0.01221
20.2146,-0.68341,-0.02198,-0.01221
20.2266,-0.68341,0.00733,-0.01221
20.2385,-0.68341,0.00733,-0.01221
20.2487,-0.68303,0.00733,-0.01221
20.2588,-0.68341,0.00733,-0.01221
20.2689,-0.68341,-0.00733,-0.01221
20.279,-0.68341,0.00733,-0.01221
20.2891,-0.68341,-0.00733,-0.01221
20.2992,-0.68341,0.00733,-0.01221
20.3093,-0.68341,0.00733,-0.01221
20.3194,-0.68341,-0.00733,-0.01221
20.3314,-0.68303,0.00733,-0.01221
20.3415,-0.68341,-0.02198,-0.01221
20.3516,-0.68341,-0.00733,-0.00733
20.3659,-0.68341,0.02198,-0.01221
20.376,-0.68341,-0.02198,-0.01221
20.3861,-0.68341,0.00733,-0.01221
20.3962,-0.68341,-0.00733,-0.01709
20.4063,-0.68341,-0.00733,-0.01221
20.4164,-0.68341,-0.00733,-0.01709
20.4265,-0.68341,-0.00733,-0.01709
20.4366,-0.68341,0.00733,-0.01221
20.4467,-0.68341,-0.00733,-0.01221
20.4568,-0.68341,-0.00733,-0.01221
20.4669,-0.68341,0.00733,-0.01221
20.4769,-0.68341,-0.00733,-0.01221
20.4873,-0.68341,-0.00733,-0.01221
20.4974,-0.68341,-0.00733,-0.01221
20.5074,-0.68341,-0.02198,-0.01221
20.5175,-0.68341,0.00733,-0.01221
20.5276,-0.68341,-0.00733,-0.01709
20.5377,-0.68341,-0.00733,-0.01709
20.548,-0.68341,-0.00733,-0.01221
20.558,-0.68341,0.00733,-0.01221
20.5681,-0.68341,0.00733,-0.01709
20.5783,-0.68341,-0.00733,-0.01709
20.5884,-0.68341,-0.00733,-0.01221
20.5997,-0.68303,0.00733,-0.01221
20.6098,-0.68341,-0.00733,-0.01221
20.6227,-0.68341,-0.05128,-0.01221
20.6328,-0.68341,-0.00733,-0.01221
20.6429,-0.68341,-0.02198,-0.01221
20.6529,-0.68341,0.00733,-0.01709
20.663,-0.68341,0.00733,-0.01221
20.6731,-0.68341,-0.02198,-0.01221
20.6832,-0.68341,-0.00733,-0.01709
20.6933,-0.68341,-0.00733,-0.01221
20.7069,-0.68341,-0.00733,-0.01221
20.7171,-0.68341,-0.00733,-0.01221
20.7272,-0.68341,-0.00733,-0.01221
20.7373,-0.68341,-0.02198,-0.01221
20.7474,-0.68341,-0.00733,-0.01709
20.7575,-0.68341,-0.00733,-0.01709
20.7676,-0.68341,0.00733,-0.01221
20.7777,-0.68341,-0.02198,-0.01709
20.788,-0.68341,-0.02198,-0.01709
20.7981,-0.68303,0.02198,-0.01221
20.8082,-0.68341,-0.00733,-0.01221
20.8183,-0.68303,0.00733,-0.01221
20.8284,-0.68341,0.00733,-0.01221
20.8385,-0.68341,-0.00733,-0.00733
20.8486,-0.68341,0.00733,-0.01221
20.8586,-0.68341,-0.00733,-0.01221
20.8687,-0.68341,-0.00733,-0.01221
20.8788,-0.68341,-0.00733,-0.01709
20.8889,-0.68341,-0.00733,-0.01221
20.899,-0.68341,-0.00733,-0.01221
20.9157,-0.68341,-0.00733,-0.01709
20.9257,-0.68341,-0.02198,-0.01709
20.9358,-0.68341,-0.00733,-0.01221
20.9459,-0.68341,-0.00733,-0.01221
20.956,-0.68341,-0.02198,-0.01221
20.9661,-0.68341,0.00733,-0.01709
20.9762,-0.68341,0.00733,-0.01709
20.9863,-0.68341,-0.00733,-0.01221
20.9964,-0.68341,0.00733,-0.01221
21.0065,-0.68341,-0.00733,-0.01221
21.0166,-0.68341,-0.00733,-0.01221
21.0266,-0.68341,-0.00733,-0.01709
21.0367,-0.68341,-0.00733,-0.01221
21.0468,-0.68341,-0.00733,-0.01221
21.0569,-0.68341,0.00733,-0.01221
21.067,-0.68303,-0.00733,-0.01221
21.0771,-0.68341,-0.00733,-0.01709
21.0872,-0.68341,-0.00733,-0.00733
21.0973,-0.68341,-0.00733,-0.01221
21.1073,-0.68341,-0.02198,-0.01221
21.1174,-0.68341,-0.00733,-0.01221
21.1275,-0.68341,-0.02198,-0.01709
21.1376,-0.68341,-0.02198,-0.01709
21.1477,-0.68341,-0.00733,-0.01221
21.1577,-0.68341,0.00733,-0.01221
21.1678,-0.68341,-0.00733,-0.01221
21.1779,-0.68341,0.00733,-0.01221
21.188,-0.68341,0.00733,-0.01221
21.1981,-0.68341,-0.03663,-0.01221
21.2082,-0.68341,-0.02198,-0.01709
21.2183,-0.68341,-0.00733,-0.01709
21.2283,-0.68341,-0.00733,-0.01709
21.2384,-0.68341,-0.00733,-0.01221
21.2485,-0.68341,-0.00733,-0.01221
21.2586,-0.68341,-0.02198,-0.01709
21.2689,-0.68341,-0.00733,-0.01221
21.279,-0.68341,-0.00733,-0.01221
21.2891,-0.68341,-0.00733,-0.01221
21.2992,-0.68341,-0.00733,-0.01221
21.3093,-0.68341,0.00733,-0.01221
21.3193,-0.68341,0.00733,-0.01221
21.3294,-0.68341,-0.00733,-0.01709
21.3395,-0.68341,-0.00733,-0.01221
21.3496,-0.68341,-0.00733,-0.01221
21.3597,-0.68341,-0.00733,-0.01221
